time,x,y,yaw,v,w
0.000000000000000000e+00,0.000000000000000000e+00,0.000000000000000000e+00,0.000000000000000000e+00,5.000000000000000000e-01,0.000000000000000000e+00
5.000000000000000278e-02,2.500000000000000139e-02,0.000000000000000000e+00,0.000000000000000000e+00,5.000000000000000000e-01,0.000000000000000000e+00
1.000000000000000056e-01,5.000000000000000278e-02,0.000000000000000000e+00,0.000000000000000000e+00,5.000000000000000000e-01,0.000000000000000000e+00
1.500000000000000222e-01,7.500000000000001110e-02,0.000000000000000000e+00,0.000000000000000000e+00,5.000000000000000000e-01,0.000000000000000000e+00
2.000000000000000111e-01,1.000000000000000056e-01,0.000000000000000000e+00,0.000000000000000000e+00,5.000000000000000000e-01,0.000000000000000000e+00
2.500000000000000000e-01,1.250000000000000000e-01,0.000000000000000000e+00,0.000000000000000000e+00,5.000000000000000000e-01,0.000000000000000000e+00
2.999999999999999889e-01,1.499999999999999944e-01,0.000000000000000000e+00,0.000000000000000000e+00,5.000000000000000000e-01,0.000000000000000000e+00
3.499999999999999778e-01,1.749999999999999889e-01,0.000000000000000000e+00,0.000000000000000000e+00,5.000000000000000000e-01,0.000000000000000000e+00
3.999999999999999667e-01,1.999999999999999833e-01,0.000000000000000000e+00,0.000000000000000000e+00,5.000000000000000000e-01,0.000000000000000000e+00
4.499999999999999556e-01,2.249999999999999778e-01,0.000000000000000000e+00,0.000000000000000000e+00,5.000000000000000000e-01,0.000000000000000000e+00
4.999999999999999445e-01,2.499999999999999722e-01,0.000000000000000000e+00,0.000000000000000000e+00,5.000000000000000000e-01,0.000000000000000000e+00
5.499999999999999334e-01,2.749999999999999667e-01,0.000000000000000000e+00,0.000000000000000000e+00,5.000000000000000000e-01,0.000000000000000000e+00
5.999999999999999778e-01,2.999999999999999889e-01,0.000000000000000000e+00,0.000000000000000000e+00,5.000000000000000000e-01,0.000000000000000000e+00
6.500000000000000222e-01,3.250000000000000111e-01,0.000000000000000000e+00,0.000000000000000000e+00,5.000000000000000000e-01,0.000000000000000000e+00
7.000000000000000666e-01,3.500000000000000333e-01,0.000000000000000000e+00,0.000000000000000000e+00,5.000000000000000000e-01,0.000000000000000000e+00
7.500000000000001110e-01,3.750000000000000555e-01,0.000000000000000000e+00,0.000000000000000000e+00,5.000000000000000000e-01,0.000000000000000000e+00
8.000000000000001554e-01,4.000000000000000777e-01,0.000000000000000000e+00,0.000000000000000000e+00,4.799999999999999267e-01,0.000000000000000000e+00
8.500000000000001998e-01,4.240000000000000990e-01,0.000000000000000000e+00,0.000000000000000000e+00,4.607999999999998764e-01,0.000000000000000000e+00
9.000000000000002442e-01,4.470400000000001040e-01,0.000000000000000000e+00,0.000000000000000000e+00,4.423679999999999279e-01,0.000000000000000000e+00
9.500000000000002887e-01,4.691584000000000865e-01,0.000000000000000000e+00,0.000000000000000000e+00,4.246732799999999308e-01,0.000000000000000000e+00
1.000000000000000222e+00,4.903920640000000719e-01,0.000000000000000000e+00,0.000000000000000000e+00,4.076863487999999314e-01,0.000000000000000000e+00
1.050000000000000266e+00,5.107763814400000379e-01,0.000000000000000000e+00,0.000000000000000000e+00,3.913788948479999807e-01,0.000000000000000000e+00
1.100000000000000311e+00,5.303453261824000453e-01,0.000000000000000000e+00,0.000000000000000000e+00,3.757237390540799638e-01,0.000000000000000000e+00
1.150000000000000355e+00,5.491315131351039991e-01,0.000000000000000000e+00,0.000000000000000000e+00,3.606947894919168007e-01,0.000000000000000000e+00
1.200000000000000400e+00,5.671662526096998835e-01,0.000000000000000000e+00,0.000000000000000000e+00,3.462669979122401376e-01,0.000000000000000000e+00
1.250000000000000444e+00,5.844796025053118349e-01,0.000000000000000000e+00,0.000000000000000000e+00,3.324163179957505543e-01,0.000000000000000000e+00
1.300000000000000488e+00,6.011004184050993127e-01,0.000000000000000000e+00,0.000000000000000000e+00,3.191196652759205610e-01,0.000000000000000000e+00
1.350000000000000533e+00,6.170564016688953046e-01,0.000000000000000000e+00,0.000000000000000000e+00,3.063548786648837563e-01,0.000000000000000000e+00
1.400000000000000577e+00,6.323741456021394480e-01,0.000000000000000000e+00,0.000000000000000000e+00,2.941006835182884416e-01,0.000000000000000000e+00
1.450000000000000622e+00,6.470791797780538479e-01,0.000000000000000000e+00,0.000000000000000000e+00,2.823366561775569328e-01,0.000000000000000000e+00
1.500000000000000666e+00,6.611960125869317251e-01,0.000000000000000000e+00,0.000000000000000000e+00,2.710431899304546199e-01,0.000000000000000000e+00
1.550000000000000711e+00,6.747481720834545005e-01,0.000000000000000000e+00,0.000000000000000000e+00,2.602014623332364329e-01,0.000000000000000000e+00
1.600000000000000755e+00,6.877582452001163027e-01,0.000000000000000000e+00,0.000000000000000000e+00,2.497934038399069745e-01,0.000000000000000000e+00
1.650000000000000799e+00,7.002479153921116195e-01,0.000000000000000000e+00,0.000000000000000000e+00,2.398016676863107266e-01,0.000000000000000000e+00
1.700000000000000844e+00,7.122379987764271281e-01,0.000000000000000000e+00,0.000000000000000000e+00,2.302096009788583142e-01,0.000000000000000000e+00
1.750000000000000888e+00,7.237484788253700785e-01,0.000000000000000000e+00,0.000000000000000000e+00,2.210012169397039539e-01,0.000000000000000000e+00
1.800000000000000933e+00,7.347985396723553109e-01,0.000000000000000000e+00,0.000000000000000000e+00,2.121611682621157569e-01,0.000000000000000000e+00
1.850000000000000977e+00,7.454065980854610585e-01,0.000000000000000000e+00,0.000000000000000000e+00,2.036747215316311588e-01,0.000000000000000000e+00
1.900000000000001021e+00,7.555903341620425762e-01,0.000000000000000000e+00,0.000000000000000000e+00,1.955277326703659391e-01,0.000000000000000000e+00
1.950000000000001066e+00,7.653667207955608953e-01,0.000000000000000000e+00,0.000000000000000000e+00,1.877066233635512893e-01,0.000000000000000000e+00
2.000000000000000888e+00,7.747520519637384195e-01,0.000000000000000000e+00,0.000000000000000000e+00,1.801983584290092755e-01,0.000000000000000000e+00
2.050000000000000711e+00,7.837619698851888694e-01,0.000000000000000000e+00,0.000000000000000000e+00,1.729904240918489211e-01,0.000000000000000000e+00
2.100000000000000533e+00,7.924114910897812614e-01,0.000000000000000000e+00,0.000000000000000000e+00,1.660708071281750131e-01,0.000000000000000000e+00
2.150000000000000355e+00,8.007150314461900509e-01,0.000000000000000000e+00,0.000000000000000000e+00,1.594279748430479648e-01,0.000000000000000000e+00
2.200000000000000178e+00,8.086864301883424089e-01,0.000000000000000000e+00,0.000000000000000000e+00,1.530508558493260951e-01,0.000000000000000000e+00
2.250000000000000000e+00,8.163389729808087081e-01,0.000000000000000000e+00,0.000000000000000000e+00,1.469288216153530335e-01,0.000000000000000000e+00
2.299999999999999822e+00,8.236854140615763598e-01,0.000000000000000000e+00,0.000000000000000000e+00,1.410516687507389066e-01,0.000000000000000000e+00
2.349999999999999645e+00,8.307379974991132565e-01,0.000000000000000000e+00,0.000000000000000000e+00,1.354096020007093948e-01,0.000000000000000000e+00
2.399999999999999467e+00,8.375084775991487041e-01,0.000000000000000000e+00,0.000000000000000000e+00,1.299932179206810534e-01,0.000000000000000000e+00
2.449999999999999289e+00,8.440081384951827470e-01,0.000000000000000000e+00,0.000000000000000000e+00,1.247934892038538024e-01,0.000000000000000000e+00
2.499999999999999112e+00,8.502478129553754371e-01,0.000000000000000000e+00,0.000000000000000000e+00,1.198017496356996586e-01,0.000000000000000000e+00
2.549999999999998934e+00,8.562379004371604152e-01,0.000000000000000000e+00,0.000000000000000000e+00,1.150096796502716734e-01,0.000000000000000000e+00
2.599999999999998757e+00,8.619883844196739586e-01,0.000000000000000000e+00,0.000000000000000000e+00,1.104092924642608442e-01,0.000000000000000000e+00
2.649999999999998579e+00,8.675088490428870536e-01,0.000000000000000000e+00,0.000000000000000000e+00,1.059929207656903627e-01,0.000000000000000000e+00
2.699999999999998401e+00,8.728084950811715315e-01,0.000000000000000000e+00,0.000000000000000000e+00,1.017532039350627776e-01,0.000000000000000000e+00
2.749999999999998224e+00,8.778961552779246391e-01,0.000000000000000000e+00,0.000000000000000000e+00,9.768307577766029148e-02,0.000000000000000000e+00
2.799999999999998046e+00,8.827803090668076003e-01,0.000000000000000000e+00,0.000000000000000000e+00,9.377575274655391979e-02,0.000000000000000000e+00
2.849999999999997868e+00,8.874690967041353185e-01,0.000000000000000000e+00,0.000000000000000000e+00,9.002472263669175634e-02,0.000000000000000000e+00
2.899999999999997691e+00,8.919703328359699368e-01,0.000000000000000000e+00,0.000000000000000000e+00,8.642373373122405611e-02,0.000000000000000000e+00
2.949999999999997513e+00,8.962915195225311660e-01,0.000000000000000000e+00,0.000000000000000000e+00,8.296678438197507832e-02,0.000000000000000000e+00
2.999999999999997335e+00,9.004398587416299060e-01,0.000000000000000000e+00,0.000000000000000000e+00,7.964811300669608074e-02,0.000000000000000000e+00
3.049999999999997158e+00,9.044222643919647142e-01,0.000000000000000000e+00,0.000000000000000000e+00,7.646218848642823140e-02,0.000000000000000000e+00
3.099999999999996980e+00,9.082453738162861168e-01,0.000000000000000000e+00,0.000000000000000000e+00,7.340370094697111492e-02,0.000000000000000000e+00
3.149999999999996803e+00,9.119155588636346232e-01,0.000000000000000000e+00,0.000000000000000000e+00,7.046755290909230418e-02,0.000000000000000000e+00
3.199999999999996625e+00,9.154389365090892516e-01,0.000000000000000000e+00,0.000000000000000000e+00,6.764885079272860147e-02,0.000000000000000000e+00
3.249999999999996447e+00,9.188213790487256283e-01,0.000000000000000000e+00,0.000000000000000000e+00,6.494289676101949738e-02,0.000000000000000000e+00
3.299999999999996270e+00,9.220685238867766254e-01,0.000000000000000000e+00,0.000000000000000000e+00,6.234518089057870111e-02,0.000000000000000000e+00
3.349999999999996092e+00,9.251857829313056003e-01,0.000000000000000000e+00,0.000000000000000000e+00,5.985137365495551975e-02,0.000000000000000000e+00
3.399999999999995914e+00,9.281783516140533763e-01,0.000000000000000000e+00,0.000000000000000000e+00,5.745731870875730313e-02,0.000000000000000000e+00
3.449999999999995737e+00,9.310512175494912723e-01,0.000000000000000000e+00,0.000000000000000000e+00,5.515902596040698352e-02,0.000000000000000000e+00
3.499999999999995559e+00,9.338091688475116392e-01,0.000000000000000000e+00,0.000000000000000000e+00,5.295266492199068864e-02,0.000000000000000000e+00
3.549999999999995381e+00,9.364568020936111514e-01,0.000000000000000000e+00,0.000000000000000000e+00,5.083455832511107886e-02,0.000000000000000000e+00
3.599999999999995204e+00,9.389985300098666610e-01,0.000000000000000000e+00,0.000000000000000000e+00,4.880117599210667678e-02,0.000000000000000000e+00
3.649999999999995026e+00,9.414385888094719546e-01,0.000000000000000000e+00,0.000000000000000000e+00,4.684912895242243636e-02,0.000000000000000000e+00
3.699999999999994849e+00,9.437810452570930542e-01,0.000000000000000000e+00,0.000000000000000000e+00,4.497516379432556222e-02,0.000000000000000000e+00
3.749999999999994671e+00,9.460298034468093142e-01,0.000000000000000000e+00,0.000000000000000000e+00,4.317615724255255416e-02,0.000000000000000000e+00
3.799999999999994493e+00,9.481886113089369461e-01,0.000000000000000000e+00,0.000000000000000000e+00,4.144911095285044866e-02,0.000000000000000000e+00
3.849999999999994316e+00,9.502610668565795171e-01,0.000000000000000000e+00,0.000000000000000000e+00,0.000000000000000000e+00,0.000000000000000000e+00
3.899999999999994138e+00,9.502610668565795171e-01,0.000000000000000000e+00,0.000000000000000000e+00,3.979114651473639186e-02,1.500000000000000000e+00
3.949999999999993960e+00,9.522450311747975293e-01,1.490769480197999986e-04,7.500000000000001110e-02,9.803140632196405413e-02,1.500000000000000000e+00
3.999999999999993783e+00,9.570915621398252693e-01,8.815584622455449604e-04,1.500000000000000222e-01,1.533864131031132949e-01,1.500000000000000000e+00
4.049999999999993605e+00,9.645675707196931237e-01,2.592632693639180044e-03,2.250000000000000333e-01,2.056538020357632224e-01,1.500000000000000000e+00
4.099999999999993427e+00,9.743909997803020806e-01,5.631375397554128602e-03,3.000000000000000444e-01,2.546569870399759128e-01,1.500000000000000000e+00
4.149999999999993250e+00,9.862390131509982671e-01,1.029506833218236939e-02,3.750000000000000555e-01,3.002451452151493894e-01,1.500000000000000000e+00
4.199999999999993072e+00,9.997567567012202172e-01,1.682488282982293887e-02,4.500000000000000666e-01,3.422930541506803426e-01,1.500000000000000000e+00
4.249999999999992895e+00,1.014566475441611271e+00,2.540296933731461468e-02,5.250000000000001332e-01,3.807007889119338739e-01,1.500000000000000000e+00
4.299999999999992717e+00,1.030276771427272697e+00,3.615096109104840028e-02,6.000000000000001998e-01,4.153932860364563107e-01,1.500000000000000000e+00
4.349999999999992539e+00,1.046491792720393166e+00,4.912986858259257850e-02,6.750000000000002665e-01,4.463197823454669311e-01,1.500000000000000000e+00
4.399999999999992362e+00,1.062820153555411373e+00,6.434131173318501096e-02,7.500000000000002220e-01,4.734531367822500947e-01,1.500000000000000000e+00
4.449999999999992184e+00,1.078883399748413963e+00,8.173000931423940463e-02,8.250000000000001776e-01,4.967890438323486757e-01,1.500000000000000000e+00
4.499999999999992006e+00,1.094323850837106038e+00,1.011874206363387180e-01,9.000000000000001332e-01,5.000000000000000000e-01,1.500000000000000000e+00
4.549999999999991829e+00,1.108353052175839570e+00,1.218799678405201592e-01,9.749999999999999778e-01,5.000000000000000000e-01,1.500000000000000000e+00
4.599999999999991651e+00,1.120792328373132696e+00,1.435655484803705917e-01,1.050000000000000044e+00,5.000000000000000000e-01,1.420372587896449268e+00
4.649999999999991473e+00,1.131661462163964460e+00,1.660791428321616858e-01,1.121018629394822552e+00,5.000000000000000000e-01,1.260467851832943520e+00
4.699999999999991296e+00,1.141091073287787250e+00,1.892325968736967567e-01,1.184042021986469795e+00,5.000000000000000000e-01,1.117867593879777743e+00
4.749999999999991118e+00,1.149212507783238912e+00,2.128766722782476084e-01,1.239935401680458682e+00,5.000000000000000000e-01,9.913112578592433444e-01
4.799999999999990941e+00,1.156152516064894220e+00,2.368940885641547256e-01,1.289500964573420783e+00,5.000000000000000000e-01,8.793793221659258474e-01
4.849999999999990763e+00,1.162030136239110556e+00,2.611933391922635073e-01,1.333469930681717042e+00,5.000000000000000000e-01,7.806142326333218584e-01
4.899999999999990585e+00,1.166955103748847034e+00,2.857034329299064090e-01,1.372500642313383201e+00,5.000000000000000000e-01,6.935975869038570885e-01
4.949999999999990408e+00,1.171027273220153431e+00,3.103695521179132832e-01,1.407180521658575989e+00,5.000000000000000000e-01,6.169956437295222029e-01
4.999999999999990230e+00,1.174336681374380076e+00,3.351495403678850238e-01,1.438030303845052149e+00,5.000000000000000000e-01,5.495829822925832886e-01
5.049999999999990052e+00,1.176963992834577644e+00,3.600111017527038437e-01,1.465509452959681269e+00,4.942778800947559836e-01,4.902517366998110915e-01
5.099999999999989875e+00,1.178958069962253719e+00,3.846444168622520365e-01,1.490022039794671738e+00,4.791277906068422410e-01,4.380117406487859522e-01
5.149999999999989697e+00,1.180367656624698780e+00,4.085593006121376325e-01,1.511922626827111094e+00,4.638425739439455686e-01,3.919758730970765437e-01
5.199999999999989519e+00,1.181278291152608739e+00,4.317335444674166856e-01,1.531521420481964935e+00,4.485682988047443587e-01,3.513513519505283011e-01
5.249999999999989342e+00,1.181765114117939941e+00,4.541566753846610904e-01,1.549088988079491358e+00,4.334155196854586056e-01,3.154484641640998288e-01
5.299999999999989164e+00,1.181893727587348897e+00,4.758270697127767179e-01,1.564861411287696402e+00,4.184673449739266804e-01,2.836684483720191552e-01
5.349999999999988987e+00,1.181721143005051600e+00,4.967497251748774212e-01,1.579044833706297446e+00,4.037856527932097706e-01,2.554921167255213565e-01
5.399999999999988809e+00,1.181296732704295360e+00,5.169345464374179855e-01,1.591819439542573544e+00,3.894158782963957344e-01,2.304694907056103192e-01
5.449999999999988631e+00,1.180663136683805403e+00,5.363950287478902457e-01,1.603342914077854120e+00,3.753907036978808009e-01,2.082105472220311393e-01
5.499999999999988454e+00,1.179857099560989164e+00,5.551472487554951485e-01,1.613753441438955605e+00,3.617329071933075291e-01,1.883770673446551192e-01
5.549999999999988276e+00,1.178910227057533344e+00,5.732090917630208171e-01,1.623172294806188409e+00,3.484575674280461222e-01,1.706755232051092863e-01
5.599999999999988098e+00,1.177849660060539705e+00,5.905996607125856279e-01,1.631706070966443933e+00,3.355737738598016939e-01,1.548509110100703134e-01
5.649999999999987921e+00,1.176698669290138444e+00,6.073388248046998061e-01,1.639448616516947510e+00,3.230859577016954587e-01,1.406814281197008576e-01
5.699999999999987743e+00,1.175477176251765954e+00,6.234468754290696246e-01,1.646482687922932620e+00,3.109949308703141013e-01,1.279738923697856801e-01
5.749999999999987566e+00,1.174202207347023297e+00,6.389442646240119927e-01,1.652881382541421917e+00,2.992986996109588405e-01,1.165598076136302591e-01
5.799999999999987388e+00,1.172888288336894291e+00,6.538514070667086342e-01,1.658709372922103409e+00,2.879931037119881077e-01,1.062919879722614147e-01
5.849999999999987210e+00,1.171547786163745775e+00,6.681885310247395182e-01,1.664023972320716416e+00,2.770723202613060709e-01,9.704166279319775823e-02
5.899999999999987033e+00,1.170191204676953589e+00,6.819755670842829742e-01,1.668876055460376318e+00,2.665292618216994480e-01,8.869599383623411049e-02
5.949999999999986855e+00,1.168827440215856273e+00,6.952320660569641930e-01,1.673310855152188026e+00,2.563558920057774082e-01,8.115594518797163148e-02
5.999999999999986677e+00,1.167464002370702136e+00,7.079771394446539023e-01,1.677368652411586503e+00,2.465434761830321841e-01,7.433445459111950870e-02
6.049999999999986500e+00,1.166107204618511251e+00,7.202294173545237266e-01,1.681085375141142535e+00,2.370827810485207632e-01,6.815486216193847313e-02
6.099999999999986322e+00,1.164762328944411784e+00,7.320070199159735003e-01,1.684493118249239529e+00,2.279642337215316283e-01,6.254955885759047596e-02
6.149999999999986144e+00,1.163433768023799164e+00,7.433275391408515897e-01,1.687620596192119127e+00,2.191780486949385376e-01,5.745882259501891576e-02
6.199999999999985967e+00,1.162125148061579294e+00,7.542080288526605836e-01,1.690493537321870132e+00,2.107143291498254634e-01,5.282981469019959464e-02
6.249999999999985789e+00,1.160839434961685956e+00,7.646650008377724461e-01,1.693135028056380165e+00,2.025631477558302862e-01,4.861571336661138498e-02
6.299999999999985612e+00,1.159579026129968993e+00,7.747144257789720934e-01,1.695565813724710713e+00,1.947146109977913320e-01,4.477496456019075532e-02
6.349999999999985434e+00,1.158345829892017509e+00,7.843717378469730050e-01,1.697804561952720226e+00,1.871589102298193141e-01,4.127063320569879235e-02
6.399999999999985256e+00,1.157141334229481178e+00,7.936518420702544097e-01,1.699868093613005060e+00,1.798863620029345078e-01,3.806984069986293906e-02
6.449999999999985079e+00,1.155966666298920975e+00,8.025691237939379663e-01,1.701771585647998242e+00,1.728874396994391494e-01,3.514327636517589060e-02
6.499999999999984901e+00,1.154822643991337827e+00,8.111374596868824449e-01,1.703528749466256986e+00,1.661527981039067070e-01,3.246477254198754103e-02
6.549999999999984723e+00,1.153709820613838088e+00,8.193702298722382871e-01,1.705151988093356330e+00,1.596732922223985662e-01,3.001093446481475913e-02
6.599999999999984546e+00,1.152628523623423717e+00,8.272803308476601725e-01,1.706652534816597067e+00,1.534399914093627360e-01,2.776081737398958249e-02
6.649999999999984368e+00,1.151578888213105278e+00,8.348801889328265613e-01,1.708040575685296547e+00,1.474441896611217717e-01,2.569564441187691117e-02
6.699999999999984190e+00,1.150560886439336850e+00,8.421817740381764006e-01,1.709325357905890463e+00,1.416774127747395529e-01,2.379855978453251919e-02
6.749999999999984013e+00,1.149574352484504791e+00,8.491966135931714454e-01,1.710515285895117144e+00,1.361314229427231515e-01,2.205441246074288375e-02
6.799999999999983835e+00,1.148619004566534985e+00,8.559358065075090005e-01,1.711618006518154322e+00,1.307982212507653452e-01,2.044956635270273049e-02
6.849999999999983658e+00,1.147694463937652287e+00,8.624100370665372939e-01,1.712640484835789456e+00,1.256700484623508307e-01,1.897173349460570813e-02
6.899999999999983480e+00,1.146800271354230016e+00,8.686295886842245739e-01,1.713589071510519757e+00,1.207393844064560962e-01,1.760982722264772815e-02
6.949999999999983302e+00,1.145935901348050345e+00,8.746043574546074062e-01,1.714469562871652197e+00,1.159989462295855367e-01,1.635383277543386860e-02
6.999999999999983125e+00,1.145100774584932424e+00,8.803438654566455579e-01,1.715287254510423853e+00,1.114416857284858536e-01,1.519469308855142531e-02
7.049999999999982947e+00,1.144294268558516015e+00,8.858572737785794793e-01,1.716046989164851322e+00,1.070607859430950798e-01,1.412420786038359743e-02
7.099999999999982769e+00,1.143515726834116286e+00,8.911533952368025924e-01,1.716753199557870424e+00,1.028496571590368502e-01,1.313494422588815103e-02
7.149999999999982592e+00,1.142764467029227404e+00,8.962407067713842324e-01,1.717409946769164808e+00,9.880193244402596386e-02,1.222015759764444320e-02
7.199999999999982414e+00,1.142039787692803898e+00,9.011273615060718667e-01,1.718020954649047027e+00,9.491146282190754402e-02,1.137372142452830470e-02
7.249999999999982236e+00,1.141340974224320348e+00,9.058212004651491345e-01,1.718589640720273426e+00,9.117231217091840978e-02,1.059006478258206485e-02
7.299999999999982059e+00,1.140667303955349654e+00,9.103297639431522370e-01,1.719119143959402463e+00,8.757875191850011953e-02,9.864116853995186229e-03
7.349999999999981881e+00,1.140018050500585023e+00,9.146603025263404518e-01,1.719612349802102313e+00,8.412525559308618728e-02,9.191257471920677435e-03
7.399999999999981704e+00,1.139392487471533544e+00,9.188197877671111513e-01,1.720071912675698256e+00,8.080649328332438486e-02,8.567273013989712416e-03
7.449999999999981526e+00,1.138789891634222284e+00,9.228149225143662537e-01,1.720500276326397682e+00,7.761732604683733994e-02,7.988317018234575295e-03
7.499999999999981348e+00,1.138209545581940985e+00,9.266521509042662252e-01,1.720899692177309426e+00,7.455280030359610899e-02,7.450874973761706377e-03
7.549999999999981171e+00,1.137650739985076376e+00,9.303376680169225255e-01,1.721272235925997540e+00,7.160814224306040476e-02,6.951732806637189732e-03
7.599999999999980993e+00,1.137112775472290727e+00,9.338774292054407011e-01,1.721619822566329505e+00,6.877875226924030916e-02,6.487948640562318792e-03
7.649999999999980815e+00,1.136594964190504875e+00,9.372771591043795869e-01,1.721944219998357672e+00,6.606019950360732251e-02,6.056827463276764911e-03
7.699999999999980638e+00,1.136096631085219633e+00,9.405423603251802378e-01,1.722247061371521504e+00,6.344821636220261685e-02,5.655898374295004194e-03
7.749999999999980460e+00,1.135617114937548910e+00,9.436783218464660505e-01,1.722529856290236250e+00,6.093869322025693980e-02,5.282894128507936715e-03
7.799999999999980282e+00,1.135155769189822861e+00,9.466901271073580038e-01,1.722794000996661579e+00,5.852767317505885858e-02,4.935732724114016978e-03
7.849999999999980105e+00,1.134711962587680478e+00,9.495826618120956075e-01,1.723040787632867277e+00,5.621134691562248986e-02,4.612500812985947940e-03
7.899999999999979927e+00,1.134285079663121421e+00,9.523606214543314241e-01,1.723271412673516467e+00,5.398604770584636281e-02,4.311438737492068185e-03
7.949999999999979750e+00,1.133874521079972331e+00,9.550285185694854517e-01,1.723486984610391071e+00,5.184824648627517352e-02,4.030927020475499889e-03
7.999999999999979572e+00,1.133479703860578169e+00,9.575906897235115789e-01,1.723688530961414944e+00,4.979454709823621927e-02,3.769474154977164870e-03
8.049999999999979394e+00,1.133100061510214918e+00,9.600513022463617041e-01,1.723877004669163826e+00,4.782168163298154695e-02,3.525705557737041085e-03
8.099999999999980105e+00,1.132735044053687190e+00,9.624143607183309745e-01,1.724053289947050649e+00,4.592650590750177453e-02,3.298353565829220679e-03
8.149999999999980815e+00,1.132384117996793504e+00,9.646837132173431417e-01,1.724218207625342059e+00,4.410599506785881085e-02,3.086248369277982961e-03
8.199999999999981526e+00,1.132046766223773426e+00,9.668630573350893709e-01,1.724372520043806034e+00,4.235723932019400811e-02,2.888309784361026145e-03
8.249999999999982236e+00,1.131722487840480573e+00,9.689559459697757449e-01,1.724516935533024098e+00,4.067743978898492874e-02,2.703539782782704570e-03
8.299999999999982947e+00,1.131410797971812876e+00,9.709657929030610646e-01,1.724652112522163216e+00,3.906390450163577110e-02,2.531015701126987372e-03
8.349999999999983658e+00,1.131111227520870122e+00,9.728958781685880242e-01,1.724778663307219517e+00,3.751404449807656249e-02,2.369884063163990584e-03
8.399999999999984368e+00,1.130823322896373329e+00,9.747493532193244326e-01,1.724897157510377754e+00,3.602537006370631206e-02,2.219354954800328850e-03
8.449999999999985079e+00,1.130546645714058718e+00,9.765292459007391956e-01,1.725008125258117753e+00,3.459548708373579029e-02,2.078696897853310466e-03
8.499999999999985789e+00,1.130280772477033846e+00,9.782384652366455935e-01,1.725112060103010325e+00,3.322209351675572270e-02,1.947232174491192458e-03
8.549999999999986500e+00,1.130025294239446421e+00,9.798798060343500982e-01,1.725209421711734858e+00,3.190297598517041061e-02,1.824332559210273264e-03
8.599999999999987210e+00,1.129779816257253877e+00,9.814559533155502447e-01,1.725300638339695380e+00,3.063600647999006887e-02,1.709415419679949366e-03
8.649999999999987921e+00,1.129543957629388640e+00,9.829694865792304448e-01,1.725386109110679467e+00,2.941913917736120945e-02,1.601940151754133179e-03
8.699999999999988631e+00,1.129317350932177000e+00,9.844228839026148981e-01,1.725466206118267065e+00,2.825040736412585268e-02,1.501404917483462054e-03
8.749999999999989342e+00,1.129099641849486746e+00,9.858185258860446831e-01,1.725541276364141341e+00,2.712792046964039930e-02,1.407343658100412842e-03
8.799999999999990052e+00,1.128890488800741165e+00,9.871586994474605969e-01,1.725611643547046326e+00,2.604986120104137506e-02,1.319323356766405331e-03
8.849999999999990763e+00,1.128689562568638616e+00,9.884456014719895656e-01,1.725677609714884708e+00,2.501448277912237186e-02,1.236941528359569720e-03
8.899999999999991473e+00,1.128496545928155070e+00,9.896813423219512629e-01,1.725739456791302695e+00,2.402010627197746773e-02,1.159823915830693331e-03
8.949999999999992184e+00,1.128311133278177891e+00,9.908679492124256027e-01,1.725797447987094335e+00,2.306511802357131408e-02,1.087622374646962653e-03
8.999999999999992895e+00,1.128133030276914806e+00,9.920073694573503520e-01,1.725851829105826685e+00,2.214796717440955728e-02,1.020012928638180938e-03
9.049999999999993605e+00,1.127961953482044866e+00,9.931014735909472479e-01,1.725902829752258505e+00,2.126716327151059391e-02,9.566939821602782335e-04
9.099999999999994316e+00,1.127797629996420969e+00,9.941520583691136892e-01,1.725950664451366467e+00,2.042127396490922564e-02,8.973846749311675808e-04
9.149999999999995026e+00,1.127639797119997844e+00,9.951608496552550864e-01,1.725995533685112937e+00,1.960892278796391372e-02,8.418233671866615087e-04
9.199999999999995737e+00,1.127488202008535723e+00,9.961295051948777513e-01,1.726037624853472341e+00,1.882878701878321070e-02,7.897662439547703528e-04
9.249999999999996447e+00,1.127342601339527350e+00,9.970596172831128756e-01,1.726077113165670029e+00,1.807959562013459684e-02,7.409860283014713112e-04
9.299999999999997158e+00,1.127202760985702046e+00,9.979527153291923858e-01,1.726114162467085045e+00,1.736012725525387657e-02,6.952707943248537248e-04
9.349999999999997868e+00,1.127068455696381477e+00,9.988102683217573441e-01,1.726148926006801254e+00,1.666920837702696653e-02,6.524228715343027840e-04
9.399999999999998579e+00,1.126939468786888776e+00,9.996336871987400174e-01,1.726181547150377860e+00,1.600571138807435276e-02,6.122578329972594435e-04
9.449999999999999289e+00,1.126815591836154207e+00,1.000424327125427615e+00,1.726212160042027710e+00,1.536855286932805112e-02,5.746035603330923447e-04
9.500000000000000000e+00,1.126696624392605317e+00,1.001183489684184913e+00,1.726240890220044344e+00,1.475669187475151835e-02,5.392993792492084548e-04
9.550000000000000711e+00,1.126582373688386207e+00,1.001912424979187977e+00,1.726267855189006717e+00,1.416912828991502907e-02,5.061952598764130062e-04
9.600000000000001421e+00,1.126472654361906356e+00,1.002612333659400612e+00,1.726293164952000581e+00,1.360490125219916170e-02,4.751510766622113469e-04
9.650000000000002132e+00,1.126367288188691473e+00,1.003284368862903619e+00,1.726316922505833684e+00,1.306308763046530423e-02,4.460359230483712523e-04
9.700000000000002842e+00,1.126266103820472875e+00,1.003929638085578446e+00,1.726339224301986164e+00,1.254280056208920135e-02,4.187274765609372285e-04
9.750000000000003553e+00,1.126168936532433218e+00,1.004549204977032373e+00,1.726360160675814104e+00,1.204318804531931408e-02,3.931114103311317276e-04
9.800000000000004263e+00,1.126075627978500027e+00,1.005144091066548784e+00,1.726379816246330634e+00,1.156343158498061158e-02,3.690808473929829692e-04
9.850000000000004974e+00,1.125986025954565761e+00,1.005715277421741272e+00,1.726398270288700187e+00,1.110274488960668639e-02,3.465358544277596931e-04
9.900000000000005684e+00,1.125899984169492996e+00,1.006263706242492617e+00,1.726415597081421671e+00,1.066037261814156180e-02,3.253829718889433842e-04
9.950000000000006395e+00,1.125817362023757040e+00,1.006790282392662883e+00,1.726431866230016210e+00,1.023558917441219976e-02,3.055347777177475077e-04
1.000000000000000711e+01,1.125738024395562586e+00,1.007295874871959152e+00,1.726447142968902115e+00,9.827697547629779887e-03,2.869094820708295579e-04
1.005000000000000782e+01,1.125661841434268506e+00,1.007781318230269507e+00,1.726461488443005621e+00,9.436028197235039883e-03,2.694305507107974673e-04
1.010000000000000853e+01,1.125588688360944944e+00,1.008247413926678382e+00,1.726474959970541123e+00,9.059937980457800563e-03,2.530263548935762774e-04
1.015000000000000924e+01,1.125518445275883739e+00,1.008694931635294889e+00,1.726487611288285873e+00,8.698809121016884069e-03,2.376298457638370554e-04
1.020000000000000995e+01,1.125450996972880757e+00,1.009124610499950503e+00,1.726499492780574130e+00,8.352048217435910360e-03,2.231782514336422274e-04
1.025000000000001066e+01,1.125386232760105631e+00,1.009537160339738948e+00,1.726510651693145881e+00,8.019085289506820008e-03,2.096127950614867785e-04
1.030000000000001137e+01,1.125324046287373037e+00,1.009933262807302556e+00,1.726521132332899056e+00,7.699372861478540747e-03,1.968784323858052687e-04
1.035000000000001208e+01,1.125264335379631664e+00,1.010313572501692292e+00,1.726530976254518457e+00,7.392385080601616108e-03,1.849236072894722138e-04
1.040000000000001279e+01,1.125207001876483925e+00,1.010678718037563373e+00,1.726540222434882921e+00,7.097616869703617451e-03,1.737000240791541916e-04
1.045000000000001350e+01,1.125151951477555201e+00,1.011029303072398688e+00,1.726548907436086910e+00,6.814583112519471964e-03,1.631624352725624671e-04
1.050000000000001421e+01,1.125099093593529220e+00,1.011365907293391153e+00,1.726557065557850601e+00,6.542817870542574910e-03,1.532684437764719743e-04
1.055000000000001492e+01,1.125048341202671942e+00,1.011689087365549078e+00,1.726564728980039432e+00,6.281873630210769305e-03,1.439783184244702863e-04
1.060000000000001563e+01,1.124999610712664966e+00,1.011999377842535575e+00,1.726571927895960590e+00,6.031320579277965610e-03,1.352548219216986869e-04
1.065000000000001634e+01,1.124952821827577498e+00,1.012297292041689056e+00,1.726578690637056601e+00,5.790745911268668084e-03,1.270630503203695749e-04
1.070000000000001705e+01,1.124907897419803238e+00,1.012583322884621051e+00,1.726585043789572671e+00,5.559753156948317801e-03,1.193702832091025900e-04
1.075000000000001776e+01,1.124864763406799639e+00,1.012857943704730701e+00,1.726591012303733130e+00,5.337961541784491844e-03,1.121458438696765203e-04
1.080000000000001847e+01,1.124823348632462139e+00,1.013121609022928693e+00,1.726596619595926585e+00,5.125005368406625704e-03,1.053609687003964623e-04
1.085000000000001918e+01,1.124783584752975907e+00,1.013374755292807849e+00,1.726601887644361621e+00,4.920533423113234057e-03,9.898868526336812579e-05
1.090000000000001990e+01,1.124745406126991254e+00,1.013617801616453873e+00,1.726606837078624723e+00,4.724208405507678357e-03,9.300369836345856456e-05
1.095000000000002061e+01,1.124708749709967925e+00,1.013851150432044879e+00,1.726611487263542966e+00,4.535706380375766067e-03,8.738228359875255258e-05
1.100000000000002132e+01,1.124673554952544174e+00,1.014075188174339281e+00,1.726615856377722968e+00,4.354716250955715205e-03,8.210218787743639446e-05
1.105000000000002203e+01,1.124639763702785622e+00,1.014290285909114964e+00,1.726619961487116939e+00,4.180939252777469799e-03,7.714253642043811254e-05
1.110000000000002274e+01,1.124607320112175568e+00,1.014496799942577132e+00,1.726623818613937988e+00,4.014088467282592686e-03,7.248374581239613867e-05
1.115000000000002345e+01,1.124576170545210418e+00,1.014695072406716303e+00,1.726627442801228707e+00,3.853888354462558022e-03,6.810744268781476762e-05
1.120000000000002416e+01,1.124546263492472553e+00,1.014885431821556105e+00,1.726630848173363209e+00,3.700074303785114496e-03,6.399638767859427979e-05
1.125000000000002487e+01,1.124517549487049406e+00,1.015068193635199956e+00,1.726634047992747112e+00,3.552392202700526205e-03,6.013440426252958382e-05
1.130000000000002558e+01,1.124489981024179297e+00,1.015243660742543463e+00,1.726637054712960140e+00,3.410598022052237568e-03,5.650631218939716760e-05
1.135000000000002629e+01,1.124463512484003003e+00,1.015412123983492343e+00,1.726639880028569607e+00,3.274457417736274974e-03,5.309786517809778061e-05
1.140000000000002700e+01,1.124438100057307155e+00,1.015573862621488521e+00,1.726642534921828620e+00,3.143745347982227108e-03,4.989569260163695397e-05
1.145000000000002771e+01,1.124413701674148003e+00,1.015729144803118045e+00,1.726645029706458612e+00,3.018245705650600581e-03,4.688724489648743443e-05
1.150000000000002842e+01,1.124390276935246291e+00,1.015878227999543970e+00,1.726647374068703389e+00,2.897750964964501685e-03,4.406074244628355174e-05
1.155000000000002913e+01,1.124367787046051781e+00,1.016021359430478554e+00,1.726649577105825673e+00,2.782061842115565817e-03,4.140512771891313726e-05
1.160000000000002984e+01,1.124346194753375494e+00,1.016158776471380865e+00,1.726651647362211550e+00,2.670986969205871569e-03,3.891002043793223564e-05
1.165000000000003055e+01,1.124325464284492648e+00,1.016290707044539943e+00,1.726653592863233388e+00,2.564342581007200954e-03,3.656567559121026711e-05
1.170000000000003126e+01,1.124305561288622801e+00,1.016417369994676578e+00,1.726655421147012870e+00,2.461952214039886400e-03,3.436294409311924092e-05
1.175000000000003197e+01,1.124286452780697720e+00,1.016538975449675197e+00,1.726657139294217602e+00,2.363646417490289364e-03,3.229323592685018340e-05
1.180000000000003268e+01,1.124268107087329271e+00,1.016655725167028734e+00,1.726658753956013870e+00,2.269262475507644299e-03,3.034848560831693298e-05
1.185000000000003340e+01,1.124250493794892503e+00,1.016767812866560927e+00,1.726660271380294320e+00,2.178644140435565067e-03,2.852111981643812300e-05
1.190000000000003411e+01,1.124233583699644878e+00,1.016875424549966267e+00,1.726661697436285170e+00,2.091641376551978387e-03,2.680402705768081262e-05
1.195000000000003482e+01,1.124217348759801283e+00,1.016978738807687632e+00,1.726663037637637954e+00,2.008110113906971979e-03,2.519052922680953266e-05
1.200000000000003553e+01,1.124201762049491737e+00,1.017077927113629654e+00,1.726664297164099304e+00,1.927912011865345887e-03,2.367435494701752852e-05
1.205000000000003624e+01,1.124186797714527675e+00,1.017173154108188982e+00,1.726665480881846682e+00,1.850914231973174772e-03,2.224961457419905031e-05
1.210000000000003695e+01,1.124172430929908151e+00,1.017264577870061970e+00,1.726666593362575330e+00,1.776989219784394546e-03,2.091077675880903541e-05
1.215000000000003766e+01,1.124158637858998722e+00,1.017352350177271880e+00,1.726667638901413282e+00,1.706014495297483854e-03,1.965264646691666783e-05
1.220000000000003837e+01,1.124145395614316367e+00,1.017436616757843248e+00,1.726668621533736570e+00,1.637872451663147273e-03,1.847034436636141308e-05
1.225000000000003908e+01,1.124132682219860957e+00,1.017517517530529325e+00,1.726669545050954824e+00,1.572450161841909642e-03,1.735928749282966699e-05
1.230000000000003979e+01,1.124120476574931526e+00,1.017595186835988708e+00,1.726670413015329419e+00,1.509639192897091649e-03,1.631517111505553785e-05
1.235000000000004050e+01,1.124108758419369414e+00,1.017669753658785758e+00,1.726671228773885236e+00,1.449335427626094637e-03,1.533395172079177193e-05
1.240000000000004121e+01,1.124097508300174519e+00,1.017741341840579405e+00,1.726671995471471321e+00,1.391438893240681991e-03,1.441183105843624190e-05
1.245000000000004192e+01,1.124086707539438734e+00,1.017810070284848045e+00,1.726672716063024193e+00,1.335853596819936047e-03,1.354524116040090043e-05
1.250000000000004263e+01,1.124076338203546355e+00,1.017876053153484506e+00,1.726673393325082184e+00,1.282487367270548949e-03,1.273083029210142492e-05
1.255000000000004334e+01,1.124066383073593522e+00,1.017939400055584365e+00,1.726674029866596793e+00,1.231251703537625340e-03,1.196544976819757800e-05
1.260000000000004405e+01,1.124056825616975175e+00,1.018000216228734711e+00,1.726674628139085232e+00,1.182061628821296125e-03,1.124614157843595308e-05
1.265000000000004476e+01,1.124047649960097983e+00,1.018058602713101335e+00,1.726675190446164132e+00,1.134835550562585159e-03,1.057012677588287097e-05
1.270000000000004547e+01,1.124038840862172428e+00,1.018114656518599226e+00,1.726675718952502825e+00,1.089495125971290477e-03,9.934794578586592095e-06
1.275000000000004619e+01,1.124030383690042711e+00,1.018168470785419055e+00,1.726676215692231731e+00,1.045965132878976097e-03,9.337692139232967037e-06
1.280000000000004690e+01,1.124022264394013204e+00,1.018220134938174981e+00,1.726676682576838706e+00,1.004173345705358785e-03,8.776514943492630394e-06
1.285000000000004761e+01,1.124014469484633683e+00,1.018269734833924245e+00,1.726677121402585779e+00,9.640504163388824649e-04,8.249097796758642076e-06
1.290000000000004832e+01,1.124006986010403830e+00,1.018317352904302586e+00,1.726677533857475577e+00,9.255297597365680579e-04,7.753406361832304583e-06
1.295000000000004903e+01,1.123999801536361920e+00,1.018363068292008844e+00,1.726677921527793647e+00,8.885474440569391709e-04,7.287529215305177388e-06
1.300000000000004974e+01,1.123992904123522596e+00,1.018406956981861455e+00,1.726678285904254428e+00,8.530420851485588131e-04,6.849670388997530779e-06
1.305000000000005045e+01,1.123986282309130891e+00,1.018449091926643124e+00,1.726678628387773973e+00,8.189547452213647534e-04,6.438142367948263001e-06
1.310000000000005116e+01,1.123979925087698950e+00,1.018489543167940159e+00,1.726678950294892267e+00,7.862288355358405291e-04,6.051359514841481158e-06
1.315000000000005187e+01,1.123973821892796376e+00,1.018528377952174768e+00,1.726679252862868053e+00,7.548100229519211441e-04,5.687831895889727818e-06
1.320000000000005258e+01,1.123967962579562663e+00,1.018565660842021270e+00,1.726679537254462771e+00,7.246461401845095225e-04,5.346159484165280418e-06
1.325000000000005329e+01,1.123962337407914625e+00,1.018601453823388292e+00,1.726679804562436971e+00,6.956870996206954367e-04,5.025026714094993352e-06
1.330000000000005400e+01,1.123956937026420633e+00,1.018635816408145045e+00,1.726680055813772707e+00,6.678848105557272374e-04,4.723197369549403390e-06
1.335000000000005471e+01,1.123951752456816111e+00,1.018668805732758420e+00,1.726680291973641257e+00,6.411930997148236090e-04,4.439509782711015262e-06
1.340000000000005542e+01,1.123946775079133431e+00,1.018700476653004117e+00,1.726680513949130358e+00,6.155676349298339935e-04,4.172872324154086598e-06
1.345000000000005613e+01,1.123941996617423111e+00,1.018730881834908120e+00,1.726680722592746520e+00,5.909658518459398602e-04,3.922259166538877295e-06
1.350000000000005684e+01,1.123937409126043230e+00,1.018760071842067294e+00,1.726680918705704837e+00,5.673468835392409416e-04,3.686706307959308759e-06
1.355000000000005755e+01,1.123933004976493288e+00,1.018788095219493872e+00,1.726681103041020293e+00,5.446714929291662788e-04,3.465307834876751869e-06
1.360000000000005826e+01,1.123928776844772326e+00,1.018814998574120612e+00,1.726681276306412105e+00,5.229020078763802143e-04,3.257212413093624193e-06
1.365000000000005898e+01,1.123924717699239073e+00,1.018840826652100739e+00,1.726681439167032650e+00,5.020022588584888796e-04,3.061619990529784729e-06
1.370000000000005969e+01,1.123920820788956165e+00,1.018865622413028582e+00,1.726681592248032082e+00,4.819375191229991352e-04,2.877778700977051685e-06
1.375000000000006040e+01,1.123917079632496430e+00,1.018889427101205225e+00,1.726681736136967071e+00,4.626744472173233364e-04,2.704981954232410502e-06
1.380000000000006111e+01,1.123913488007196815e+00,1.018912280314064223e+00,1.726681871386064770e+00,4.441810318043110106e-04,2.542565704838350982e-06
1.385000000000006182e+01,1.123910039938837757e+00,1.018934220067871710e+00,1.726681998514350003e+00,4.264265386709265352e-04,2.389905883498633088e-06
1.390000000000006253e+01,1.123906729691735551e+00,1.018955282860809275e+00,1.726682118009644107e+00,4.093814598437273350e-04,2.246415986700833756e-06
1.395000000000006324e+01,1.123903551759227293e+00,1.018975503733543508e+00,1.726682230330443435e+00,3.930174647273854344e-04,2.111544810029508668e-06
1.400000000000006395e+01,1.123900500854535522e+00,1.018994916327381484e+00,1.726682335907683941e+00,3.773073531866983233e-04,1.984774319618853866e-06
1.405000000000006466e+01,1.123897571901997239e+00,1.019013552940108758e+00,1.726682435146399852e+00,3.622250104948043889e-04,1.865617653057372038e-06
1.410000000000006537e+01,1.123894760028640638e+00,1.019031444579603152e+00,1.726682528427282426e+00,3.477453640723382478e-04,1.753617239280691464e-06
1.415000000000006608e+01,1.123892060556099359e+00,1.019048621015309797e+00,1.726682616108144330e+00,3.338443419492687298e-04,1.648343034427179887e-06
1.420000000000006679e+01,1.123889468992846918e+00,1.019065110827665821e+00,1.726682698525296100e+00,3.204988328781327878e-04,1.549390862137789426e-06
1.425000000000006750e+01,1.123886981026741783e+00,1.019080941455554612e+00,1.726682775994839103e+00,3.076866480346607583e-04,1.456380855940908603e-06
1.430000000000006821e+01,1.123884592517869097e+00,1.019096139241867593e+00,1.726682848813881899e+00,2.953864842432124983e-04,1.368955993980014441e-06
1.435000000000006892e+01,1.123882299491667736e+00,1.019110729477250343e+00,1.726682917261681549e+00,2.835778886650486383e-04,1.286780724307767798e-06
1.440000000000006963e+01,1.123880098132330918e+00,1.019124736442104329e+00,1.726682981600717870e+00,2.722412248924222281e-04,1.209539670754544716e-06
1.445000000000007034e+01,1.123877984776470385e+00,1.019138183446913315e+00,1.726683042077701513e+00,2.613576403928091871e-04,1.136936419232625894e-06
1.450000000000007105e+01,1.123875955907033042e+00,1.019151092870962616e+00,1.726683098924522541e+00,2.509090352486170739e-04,1.068692376204882777e-06
1.455000000000007176e+01,1.123874008147459191e+00,1.019163486199513358e+00,1.726683152359141271e+00,2.408780321421583265e-04,1.004545694877068129e-06
1.460000000000007248e+01,1.123872138256075237e+00,1.019175384059494593e+00,1.726683202586426047e+00,2.312479475357704034e-04,9.442502678647102243e-07
1.465000000000007319e+01,1.123870343120708659e+00,1.019186806253772115e+00,1.726683249798939501e+00,2.220027639991517640e-04,8.875747807279843471e-07
1.470000000000007390e+01,1.123868619753517928e+00,1.019197771794049912e+00,1.726683294177678629e+00,2.131271036394377649e-04,8.343018206014019000e-07
1.475000000000007461e+01,1.123866965286029584e+00,1.019208298932459567e+00,1.726683335892769566e+00,2.046062025893913337e-04,7.842270412505847332e-07
1.480000000000007532e+01,1.123865376964372054e+00,1.019218405191889110e+00,1.726683375104121732e+00,1.964258865121165816e-04,7.371583757853628072e-07
1.485000000000007603e+01,1.123863852144699527e+00,1.019228107395102612e+00,1.726683411962040449e+00,1.885725470809229861e-04,6.929152984447295438e-07
1.490000000000007674e+01,1.123862388288799474e+00,1.019237421692697376e+00,1.726683446607805372e+00,1.810331193972142423e-04,6.513281304854068310e-07
1.495000000000007745e+01,1.123860982959874688e+00,1.019246363589946247e+00,1.726683479174211833e+00,1.737950603074189966e-04,6.122373883421516894e-07
1.500000000000007816e+01,1.123859633818493187e+00,1.019254947972568326e+00,1.726683509786081316e+00,1.668463275845522118e-04,5.754931696466680791e-07
1.505000000000007887e+01,1.123858338618700214e+00,1.019263189131471625e+00,1.726683538560739750e+00,1.601753599391686706e-04,5.409545775492130559e-07
1.510000000000007958e+01,1.123857095204285672e+00,1.019271100786508510e+00,1.726683565608468696e+00,1.537710578270984449e-04,5.084891794293611156e-07
1.515000000000008029e+01,1.123855901505199650e+00,1.019278696109283455e+00,1.726683591032927678e+00,1.476227650216155318e-04,4.779724981918143101e-07
1.520000000000008100e+01,1.123854755534111405e+00,1.019285987745049527e+00,1.726683614931552535e+00,1.417202509212345197e-04,4.492875333439450003e-07
1.525000000000008171e+01,1.123853655383105776e+00,1.019292987833732456e+00,1.726683637395929116e+00,1.360536935615275385e-04,4.223243119938491219e-07
1.530000000000008242e+01,1.123852599220511284e+00,1.019299708030113827e+00,1.726683658512144781e+00,1.306136633056787118e-04,3.969794663827297398e-07
1.535000000000008313e+01,1.123851585287854782e+00,1.019306159523210242e+00,1.726683678361118135e+00,1.253911071839197862e-04,3.731558371466991986e-07
1.540000000000008384e+01,1.123850611896937801e+00,1.019312353054878439e+00,1.726683697018909891e+00,1.203773338579905455e-04,3.507621004206207260e-07
1.545000000000008455e+01,1.123849677427029237e+00,1.019318298937677225e+00,1.726683714557014859e+00,1.155639991854279236e-04,3.297124158974096275e-07
1.550000000000008527e+01,1.123848780322170615e+00,1.019324007072017091e+00,1.726683731042635728e+00,1.109430923590337762e-04,3.099260987293739333e-07
1.555000000000008598e+01,1.123847919088588387e+00,1.019329486962624820e+00,1.726683746538940634e+00,1.065069225992837403e-04,2.913273094429236210e-07
1.560000000000008669e+01,1.123847092292209693e+00,1.019334747734350843e+00,1.726683761105306081e+00,1.022481063776198350e-04,2.738447618111372606e-07
1.565000000000008740e+01,1.123846298556278045e+00,1.019339798147345322e+00,1.726683774797544091e+00,9.815955514941854796e-05,2.574114511821878892e-07
1.570000000000008811e+01,1.123845536559062719e+00,1.019344646611629157e+00,1.726683787668116699e+00,9.423446357555154140e-05,2.419643952145111854e-07
1.575000000000008882e+01,1.123844805031660732e+00,1.019349301201081914e+00,1.726683799766336458e+00,9.046629821481133593e-05,2.274443939853654229e-07
1.580000000000008953e+01,1.123844102755886309e+00,1.019353769666872189e+00,1.726683811138556068e+00,8.684878666680718160e-05,2.137958016179553056e-07
1.585000000000009024e+01,1.123843428562244284e+00,1.019358059450351295e+00,1.726683821828346233e+00,8.337590714820042326e-05,2.009663125912553028e-07
1.590000000000009095e+01,1.123842781327985207e+00,1.019362177695432026e+00,1.726683831876661968e+00,8.004187848487943327e-05,1.889067628713103630e-07
1.595000000000009166e+01,1.123842159975237065e+00,1.019366131260474040e+00,1.726683841322000035e+00,7.684115050270446106e-05,1.775709395079871911e-07
1.600000000000009237e+01,1.123841563469212490e+00,1.019369926729692732e+00,1.726683850200547043e+00,7.376839480324194045e-05,1.669154037486908493e-07
1.605000000000009308e+01,1.123840990816487251e+00,1.019373570424114028e+00,1.726683858546317341e+00,7.081849590621635832e-05,1.568993251710448789e-07
1.610000000000009379e+01,1.123840441063346907e+00,1.019377068412091525e+00,1.726683866391283573e+00,6.798654274556003858e-05,1.474843241144885297e-07
1.615000000000009450e+01,1.123839913294200521e+00,1.019380426519402860e+00,1.726683873765499699e+00,6.526782050555180446e-05,1.386343247977706028e-07
1.620000000000009521e+01,1.123839406630057214e+00,1.019383650338943292e+00,1.726683880697216011e+00,6.265780278232602738e-05,1.303154169018938546e-07
1.625000000000009592e+01,1.123838920227063554e+00,1.019386745240032477e+00,1.726683887212986823e+00,6.015214405784841665e-05,1.224957264789328093e-07
1.630000000000009663e+01,1.123838453275099347e+00,1.019389716377348432e+00,1.726683893337773057e+00,5.774667247530618626e-05,1.151452923286999663e-07
1.635000000000009734e+01,1.123838004996429385e+00,1.019392568699505786e+00,1.726683899095037722e+00,5.543738290180733188e-05,1.082359512849517813e-07
1.640000000000009805e+01,1.123837574644409809e+00,1.019395306957290748e+00,1.726683904506835177e+00,5.322043026860512338e-05,1.017412318560229068e-07
1.645000000000009877e+01,1.123837161502244886e+00,1.019397935711567227e+00,1.726683909593896837e+00,5.109212317702949418e-05,9.563625033570666290e-08
1.650000000000009948e+01,1.123836764881794403e+00,1.019400459340867426e+00,1.726683914375709339e+00,4.904891775940611875e-05,8.989761710043175924e-08
1.655000000000010019e+01,1.123836384122428811e+00,1.019402882048678682e+00,1.726683918870590251e+00,4.708741178562348133e-05,8.450334670895287559e-08
1.660000000000010090e+01,1.123836018589928987e+00,1.019405207870439423e+00,1.726683923095757578e+00,4.520433900457310737e-05,7.943277280375582450e-08
1.665000000000010161e+01,1.123835667675431305e+00,1.019407440680256016e+00,1.726683927067396152e+00,4.339656371144529610e-05,7.466647009013449576e-08
1.670000000000010232e+01,1.123835330794413778e+00,1.019409584197350727e+00,1.726683930800719580e+00,4.166107553219833417e-05,7.018617820264694274e-08
1.675000000000010303e+01,1.123835007385723506e+00,1.019411641992251871e+00,1.726683934310028423e+00,3.999498441654148460e-05,6.597473342639936789e-08
1.680000000000010374e+01,1.123834696910642528e+00,1.019413617492737956e+00,1.726683937608765040e+00,3.839551582973388795e-05,6.201600208366464528e-08
1.685000000000010445e+01,1.123834398851990990e+00,1.019415513989542665e+00,1.726683940709565102e+00,3.686000613770945702e-05,5.829481866670427337e-08
1.690000000000010516e+01,1.123834112713266498e+00,1.019417334641832706e+00,1.726683943624305995e+00,3.538589817593529308e-05,5.479692810617109444e-08
1.695000000000010587e+01,1.123833838017817222e+00,1.019419082482467376e+00,1.726683946364152344e+00,3.397073699458741651e-05,5.150893067629169764e-08
1.700000000000010658e+01,1.123833574308048755e+00,1.019420760423046746e+00,1.726683948939598867e+00,3.261216577479797429e-05,4.841823070256268124e-08
1.705000000000010729e+01,1.123833321144662278e+00,1.019422371258758675e+00,1.726683951360510338e+00,3.130792190742248953e-05,4.551298879440501821e-08
1.710000000000010800e+01,1.123833078105923367e+00,1.019423917673032642e+00,1.726683953636159785e+00,3.005583322815419400e-05,4.278207604846429035e-08
1.715000000000010871e+01,1.123832844786959217e+00,1.019425402242006617e+00,1.726683955775263568e+00,2.885381440357049070e-05,4.021503083317945482e-08
1.720000000000010942e+01,1.123832620799085635e+00,1.019426827438816296e+00,1.726683957786015133e+00,2.769986346115027722e-05,3.780202006975486029e-08
1.725000000000011013e+01,1.123832405769159104e+00,1.019428195637712697e+00,1.726683959676116098e+00,2.659205845777779168e-05,3.553380067966571687e-08
1.730000000000011084e+01,1.123832199338955951e+00,1.019429509118014776e+00,1.726683961452806226e+00,2.552855428191170000e-05,3.340168386323227878e-08
1.735000000000011156e+01,1.123832001164575933e+00,1.019430770067904390e+00,1.726683963122890519e+00,2.450757958303018396e-05,3.139750281988540337e-08
1.740000000000011227e+01,1.123831810915869145e+00,1.019431980588070275e+00,1.726683964692765638e+00,2.352743382328936829e-05,2.951358060720998822e-08
1.745000000000011298e+01,1.123831628275886896e+00,1.019433142695205019e+00,1.726683966168444773e+00,2.258648444815880766e-05,2.774270069227924296e-08
1.750000000000011369e+01,1.123831452940353470e+00,1.019434258325363274e+00,1.726683967555579846e+00,2.168316416902849178e-05,2.607807975119058597e-08
1.755000000000011440e+01,1.123831284617160309e+00,1.019435329337185614e+00,1.726683968859483942e+00,2.081596835484533848e-05,2.451334191189147305e-08
1.760000000000011511e+01,1.123831123025878620e+00,1.019436357514993174e+00,1.726683970085151065e+00,1.998345252783306837e-05,2.304249352436116283e-08
1.765000000000011582e+01,1.123830967897292865e+00,1.019437344571759052e+00,1.726683971237275683e+00,1.918422995924595889e-05,2.165990076186119495e-08
1.770000000000011653e+01,1.123830818972952672e+00,1.019438292151960690e+00,1.726683972320270710e+00,1.841696936126235930e-05,2.036026772178622934e-08
1.775000000000011724e+01,1.123830676004742068e+00,1.019439201834318354e+00,1.726683973338284162e+00,1.768039267093513204e-05,1.913861635838287611e-08
1.780000000000011795e+01,1.123830538754466701e+00,1.019440075134423918e+00,1.726683974295214918e+00,1.697327292297379355e-05,1.799026785875845746e-08
1.785000000000011866e+01,1.123830406993456599e+00,1.019440913507264845e+00,1.726683975194728271e+00,1.629443220728388209e-05,1.691082310295577429e-08
1.790000000000011937e+01,1.123830280502186030e+00,1.019441718349647363e+00,1.726683976040269464e+00,1.564273970804663997e-05,1.589614781472015181e-08
1.795000000000012008e+01,1.123830159069907353e+00,1.019442491002522599e+00,1.726683976835076795e+00,1.501710982122483952e-05,1.494235557508716283e-08
1.800000000000012079e+01,1.123830042494300629e+00,1.019443232753219464e+00,1.726683977582194496e+00,1.441650034769981316e-05,1.404579322294985388e-08
1.805000000000012150e+01,1.123829930581136116e+00,1.019443944837588933e+00,1.726683978284484056e+00,1.383991075784296655e-05,1.320302678298190813e-08
1.810000000000012221e+01,1.123829823143950968e+00,1.019444628442062184e+00,1.726683978944635323e+00,1.328638052593422815e-05,1.241082803193904738e-08
1.815000000000012292e+01,1.123829720003739041e+00,1.019445284705626120e+00,1.726683979565176719e+00,1.275498753141313147e-05,1.166616295233957601e-08
1.820000000000012363e+01,1.123829620988652023e+00,1.019445914721720969e+00,1.726683980148484787e+00,1.224484652303792288e-05,1.096617915918862707e-08
1.825000000000012434e+01,1.123829525933714102e+00,1.019446519540061269e+00,1.726683980696793741e+00,1.175510764527265652e-05,1.030819571368191134e-08
1.830000000000012506e+01,1.123829434680546635e+00,1.019447100168383802e+00,1.726683981212203456e+00,1.128495502350501667e-05,9.689692659353710269e-09
1.835000000000012577e+01,1.123829347077104357e+00,1.019447657574126254e+00,1.726683981696688130e+00,1.083360540552191877e-05,9.108300780269473762e-09
1.840000000000012648e+01,1.123829262977422472e+00,1.019448192686038590e+00,1.726683982152103169e+00,1.040030685729165374e-05,8.561793496397740455e-09
1.845000000000012719e+01,1.123829182241373070e+00,1.019448706395730042e+00,1.726683982580192733e+00,9.984337510898777523e-06,8.048077704270184540e-09
1.850000000000012790e+01,1.123829104734432205e+00,1.019449199559154140e+00,1.726683982982596621e+00,9.585004362680505497e-06,7.565185505820082312e-09
1.855000000000012861e+01,1.123829030327455625e+00,1.019449672998034462e+00,1.726683983360855823e+00,9.201642119172072332e-06,7.111267741333193726e-09
1.860000000000012932e+01,1.123828958896463392e+00,1.019450127501233094e+00,1.726683983716419180e+00,8.833612089503839471e-06,6.684585496241624014e-09
1.865000000000013003e+01,1.123828890322434049e+00,1.019450563826064915e+00,1.726683984050648490e+00,8.480301121691070549e-06,6.283504966342334797e-09
1.870000000000013074e+01,1.123828824491105438e+00,1.019450982699558805e+00,1.726683984364823843e+00,8.141120581692251951e-06,5.906489464191366778e-09
1.875000000000013145e+01,1.123828761292785305e+00,1.019451384819669126e+00,1.726683984660148274e+00,7.815505372918418736e-06,5.552095588834404793e-09
1.880000000000013216e+01,1.123828700622167887e+00,1.019451770856437900e+00,1.726683984937753102e+00,7.502912995513422676e-06,5.218965620779059122e-09
1.885000000000013287e+01,1.123828642378159159e+00,1.019452141453110805e+00,1.726683985198701476e+00,7.202822643032070327e-06,4.905824052547913539e-09
1.890000000000013358e+01,1.123828586463707424e+00,1.019452497227209209e+00,1.726683985443992597e+00,6.914734334623196316e-06,4.611471232651709329e-09
1.895000000000013429e+01,1.123828532785642764e+00,1.019452838771558678e+00,1.726683985674566157e+00,6.638168082653828411e-06,4.334779923897968956e-09
1.900000000000013500e+01,1.123828481254521172e+00,1.019453166655276188e+00,1.726683985891305229e+00,6.372663093492936587e-06,4.074690418409687709e-09
1.905000000000013571e+01,1.123828431784475557e+00,1.019453481424718477e+00,1.726683986095039813e+00,6.117776999856050671e-06,3.830206318777840124e-09
1.910000000000013642e+01,1.123828384293073190e+00,1.019453783604392205e+00,1.726683986286550176e+00,5.873085124138977326e-06,3.600391679237091580e-09
1.915000000000013713e+01,1.123828338701177820e+00,1.019454073697827701e+00,1.726683986466569731e+00,5.638179771058627455e-06,3.384366314973519252e-09
1.920000000000013785e+01,1.123828294932817995e+00,1.019454352188417401e+00,1.726683986635788148e+00,5.412669548995885371e-06,3.181302332677660161e-09
1.925000000000013856e+01,1.123828252915060943e+00,1.019454619540221652e+00,1.726683986794853354e+00,5.196178717695176977e-06,2.990422631743427928e-09
1.930000000000013927e+01,1.123828212577890229e+00,1.019454876198741422e+00,1.726683986944374416e+00,4.988346562706524878e-06,2.810995880508926348e-09
1.935000000000013998e+01,1.123828173854089840e+00,1.019455122591661045e+00,1.726683987084924210e+00,4.788826794244194726e-06,2.642334712144034370e-09
1.940000000000014069e+01,1.123828136679132061e+00,1.019455359129560090e+00,1.726683987217040972e+00,4.597286970831060415e-06,2.483793365426478772e-09
1.945000000000014140e+01,1.123828100991069778e+00,1.019455586206597486e+00,1.726683987341230742e+00,4.413407945519365327e-06,2.334764603872940825e-09
1.950000000000014211e+01,1.123828066730433228e+00,1.019455804201168547e+00,1.726683987457968916e+00,4.236883333949559124e-06,2.194677800604338813e-09
1.955000000000014282e+01,1.123828033840131191e+00,1.019456013476534917e+00,1.726683987567702916e+00,4.067419004522010439e-06,2.062995940743661549e-09
1.960000000000014353e+01,1.123828002265355952e+00,1.019456214381430303e+00,1.726683987670852627e+00,3.904732587911574965e-06,1.939215676927119603e-09
1.965000000000014424e+01,1.123827971953491378e+00,1.019456407250640684e+00,1.726683987767813511e+00,3.748553007434929702e-06,1.822861972478051484e-09
1.970000000000014495e+01,1.123827942854025874e+00,1.019456592405562967e+00,1.726683987858956604e+00,3.598620026731835786e-06,1.713489627963582507e-09
1.975000000000014566e+01,1.123827914918468007e+00,1.019456770154739678e+00,1.726683987944631182e+00,3.454683816977999369e-06,1.610679589703067904e-09
1.980000000000014637e+01,1.123827888100265682e+00,1.019456940794373656e+00,1.726683988025165206e+00,3.316504540137876936e-06,1.514038144856399981e-09
1.985000000000014708e+01,1.123827862354728868e+00,1.019457104608821219e+00,1.726683988100867095e+00,3.183851949783989338e-06,1.423195450378500482e-09
1.990000000000014779e+01,1.123827837638954552e+00,1.019457261871065779e+00,1.726683988172026840e+00,3.056505007609233884e-06,1.337803340328846957e-09
1.995000000000014850e+01,1.123827813911755680e+00,1.019457412843173039e+00,1.726683988238917111e+00,2.934251514954966643e-06,1.257534520959779911e-09
2.000000000000014921e+01,1.123827791133592768e+00,1.019457557776727308e+00,1.726683988301793926e+00,2.816887759568565192e-06,1.182081960093839257e-09
2.005000000000014992e+01,1.123827769266507515e+00,1.019457696913250944e+00,1.726683988360897981e+00,2.704218176000084020e-06,1.111156944233471222e-09
2.010000000000015064e+01,1.123827748274059513e+00,1.019457830484606253e+00,1.726683988416455762e+00,2.596055020248622283e-06,1.044487191181886487e-09
2.015000000000015135e+01,1.123827728121266301e+00,1.019457958713382739e+00,1.726683988468680209e+00,2.492218056318607103e-06,9.818177659770555010e-10
2.020000000000015206e+01,1.123827708774544076e+00,1.019458081813266803e+00,1.726683988517771162e+00,2.392534256742684554e-06,9.229083330897225323e-10
2.025000000000015277e+01,1.123827690201652629e+00,1.019458199989398572e+00,1.726683988563916472e+00,2.296837513846017563e-06,8.675339335795229090e-10
2.030000000000015348e+01,1.123827672371640718e+00,1.019458313438713626e+00,1.726683988607293108e+00,2.204968363009318813e-06,8.154815989147579103e-10
2.035000000000015419e+01,1.123827655254795665e+00,1.019458422350270954e+00,1.726683988648067158e+00,2.116773717222853156e-06,7.665526824407464801e-10
2.040000000000015490e+01,1.123827638822592512e+00,1.019458526905568041e+00,1.726683988686394722e+00,2.032106611843387256e-06,7.205593344217220420e-10
2.045000000000015561e+01,1.123827623047647828e+00,1.019458627278843066e+00,1.726683988722422791e+00,1.950825960125856988e-06,6.773256122638571242e-10
2.050000000000015632e+01,1.123827607903672865e+00,1.019458723637365560e+00,1.726683988756289034e+00,1.872796317675673492e-06,6.366861204920581940e-10
2.055000000000015703e+01,1.123827593365430477e+00,1.019458816141714852e+00,1.726683988788123347e+00,1.797887657195573752e-06,5.984848450157898014e-10
2.060000000000015774e+01,1.123827579408692934e+00,1.019458904946047850e+00,1.726683988818047633e+00,1.725975151595227244e-06,5.625755139515575820e-10
2.065000000000015845e+01,1.123827566010201728e+00,1.019458990198355730e+00,1.726683988846176465e+00,1.656938966199117402e-06,5.288209592446690976e-10
2.070000000000015916e+01,1.123827553147628278e+00,1.019459072040710623e+00,1.726683988872617537e+00,1.590664058973012721e-06,4.970916178681505926e-10
2.075000000000015987e+01,1.123827540799537061e+00,1.019459150609502318e+00,1.726683988897472100e+00,1.527039988905021409e-06,4.672660314231080747e-10
2.080000000000016058e+01,1.123827528945350096e+00,1.019459226035665411e+00,1.726683988920835411e+00,1.465960732124904631e-06,4.392298746935807685e-10
2.085000000000016129e+01,1.123827517565312517e+00,1.019459298444897577e+00,1.726683988942796955e+00,1.407324505162122015e-06,4.128759278909654995e-10
2.090000000000016200e+01,1.123827506640459273e+00,1.019459367957869400e+00,1.726683988963440664e+00,1.351033594984563102e-06,3.881033827646263035e-10
2.095000000000016271e+01,1.123827496152584260e+00,1.019459434690424438e+00,1.726683988982845808e+00,1.296994197169665411e-06,3.648172597348064983e-10
2.100000000000016342e+01,1.123827486084209015e+00,1.019459498753773508e+00,1.726683989001086772e+00,1.245116258408174430e-06,3.429280470701456807e-10
2.105000000000016414e+01,1.123827476418554516e+00,1.019459560254678987e+00,1.726683989018233278e+00,1.195313327426172954e-06,3.223520617101627295e-10
2.110000000000016485e+01,1.123827467139512981e+00,1.019459619295633113e+00,1.726683989034350830e+00,1.147502410567269485e-06,3.030110329316215712e-10
2.115000000000016556e+01,1.123827458231620557e+00,1.019459675975028956e+00,1.726683989049501378e+00,1.101603833375541797e-06,2.848303815028430108e-10
2.120000000000016627e+01,1.123827449680032009e+00,1.019459730387323848e+00,1.726683989063742874e+00,1.057541108231974241e-06,2.677405797069098981e-10
2.125000000000016698e+01,1.123827441470495847e+00,1.019459782623197697e+00,1.726683989077129944e+00,1.015240806237494105e-06,2.516760688742181173e-10
2.130000000000016769e+01,1.123827433589330793e+00,1.019459832769702867e+00,1.726683989089713656e+00,9.746324358017588028e-07,2.365756202049595913e-10
2.135000000000016840e+01,1.123827426023402465e+00,1.019459880910410066e+00,1.726683989101542416e+00,9.356483245431813170e-07,2.223810302570683461e-10
2.140000000000016911e+01,1.123827418760102059e+00,1.019459927125547560e+00,1.726683989112661521e+00,8.982235065735366675e-07,2.090379536134889804e-10
2.145000000000016982e+01,1.123827411787325037e+00,1.019459971492134631e+00,1.726683989123113383e+00,8.622956144149763271e-07,1.964956808375717401e-10
2.150000000000017053e+01,1.123827405093450915e+00,1.019460014084109911e+00,1.726683989132938191e+00,8.278047751164585577e-07,1.847057784498673527e-10
2.155000000000017124e+01,1.123827398667324173e+00,1.019460054972454843e+00,1.726683989142173470e+00,7.946935102837172374e-07,1.736233934401809620e-10
2.160000000000017195e+01,1.123827392498235378e+00,1.019460094225311808e+00,1.726683989150854748e+00,7.629066404307716098e-07,1.632058932443669619e-10
2.165000000000017266e+01,1.123827386575903420e+00,1.019460131908097589e+00,1.726683989159015109e+00,7.323911930645632819e-07,1.534136984115974656e-10
2.170000000000017337e+01,1.123827380890458194e+00,1.019460168083612173e+00,1.726683989166685862e+00,7.030963146137381159e-07,1.442086450254009833e-10
2.175000000000017408e+01,1.123827375432424835e+00,1.019460202812144223e+00,1.726683989173896316e+00,6.749731851107832550e-07,1.355559275939555164e-10
2.180000000000017479e+01,1.123827370192707287e+00,1.019460236151570776e+00,1.726683989180674006e+00,6.479749373428101291e-07,1.274227667824590071e-10
2.185000000000017550e+01,1.123827365162573200e+00,1.019460268157453831e+00,1.726683989187045132e+00,6.220565787223853529e-07,1.197775212347096385e-10
2.190000000000017621e+01,1.123827360333639502e+00,1.019460298883133165e+00,1.726683989193034119e+00,5.971749160921247180e-07,1.125908533072816908e-10
2.195000000000017693e+01,1.123827355697858410e+00,1.019460328379814928e+00,1.726683989198663616e+00,5.732884839571018313e-07,1.058353682470425383e-10
2.200000000000017764e+01,1.123827351247504103e+00,1.019460356696657355e+00,1.726683989203955383e+00,5.503574751930529554e-07,9.948511459079156793e-11
2.205000000000017835e+01,1.123827346975159847e+00,1.019460383880852250e+00,1.726683989208929626e+00,5.283436749714542701e-07,9.351583396544072002e-11
2.210000000000017906e+01,1.123827342873705559e+00,1.019460409977704041e+00,1.726683989213605441e+00,5.072103967995733809e-07,8.790485006571202575e-11
2.215000000000017977e+01,1.123827338936305820e+00,1.019460435030704826e+00,1.726683989218000592e+00,4.869224216885736922e-07,8.263062456492775709e-11
2.220000000000018048e+01,1.123827335156398766e+00,1.019460459081607429e+00,1.726683989222132176e+00,4.674459391007524046e-07,7.767292364846412056e-11
2.225000000000018119e+01,1.123827331527684770e+00,1.019460482170494453e+00,1.726683989226015736e+00,4.487484908971550829e-07,7.301279025817564161e-11
2.230000000000018190e+01,1.123827328044116225e+00,1.019460504335845119e+00,1.726683989229666372e+00,4.307989173446546971e-07,6.863201673645846768e-11
2.235000000000018261e+01,1.123827324699887553e+00,1.019460525614599877e+00,1.726683989233098071e+00,4.135673047467314657e-07,6.451392198236760578e-11
2.240000000000018332e+01,1.123827321489425435e+00,1.019460546042221472e+00,1.726683989236323713e+00,3.970249359747102459e-07,6.064324042931446002e-11
2.245000000000018403e+01,1.123827318407379261e+00,1.019460565652754225e+00,1.726683989239355954e+00,3.811442425200040275e-07,5.700465099955920323e-11
2.250000000000018474e+01,1.123827315448612474e+00,1.019460584478880660e+00,1.726683989242206119e+00,3.658987585558604039e-07,5.358433141644525222e-11
2.255000000000018545e+01,1.123827312608194129e+00,1.019460602551976125e+00,1.726683989244885309e+00,3.512630768254254788e-07,5.036918104828203013e-11
2.260000000000018616e+01,1.123827309881390457e+00,1.019460619902160969e+00,1.726683989247403739e+00,3.372128063089397044e-07,4.734695968622304463e-11
2.265000000000018687e+01,1.123827307263657094e+00,1.019460636558350952e+00,1.726683989249771178e+00,3.237245314341441577e-07,4.450614876638780970e-11
2.270000000000018758e+01,1.123827304750631084e+00,1.019460652548304980e+00,1.726683989251996509e+00,3.107757733544769358e-07,4.183564605853007379e-11
2.275000000000018829e+01,1.123827302338124445e+00,1.019460667898671957e+00,1.726683989254088392e+00,2.983449521570813869e-07,3.932537628870136359e-11
2.280000000000018900e+01,1.123827300022116393e+00,1.019460682635034532e+00,1.726683989256054597e+00,2.864113512635047093e-07,3.696584705004113403e-11
2.285000000000018971e+01,1.123827297798747127e+00,1.019460696781952391e+00,1.726683989257902896e+00,2.749550825409397204e-07,3.474776022471814940e-11
2.290000000000019043e+01,1.123827295664311166e+00,1.019460710363002676e+00,1.726683989259640395e+00,2.639570534673785324e-07,3.266265036216964290e-11
2.295000000000019114e+01,1.123827293615251355e+00,1.019460723400819502e+00,1.726683989261273533e+00,2.533989351433119203e-07,3.070282916795008532e-11
2.300000000000019185e+01,1.123827291648152649e+00,1.019460735917131711e+00,1.726683989262808749e+00,2.432631317550449025e-07,2.886049732531148493e-11
2.305000000000019256e+01,1.123827289759736781e+00,1.019460747932799061e+00,1.726683989264251817e+00,2.335327512537066708e-07,2.712888247380362827e-11
2.310000000000019327e+01,1.123827287946856268e+00,1.019460759467846866e+00,1.726683989265608288e+00,2.241915772638325527e-07,2.550096245279576124e-11
2.315000000000019398e+01,1.123827286206489973e+00,1.019460770541499528e+00,1.726683989266883268e+00,2.152240420327800052e-07,2.397088083583298612e-11
2.320000000000019469e+01,1.123827284535737325e+00,1.019460781172212505e+00,1.726683989268081865e+00,2.066152004653876268e-07,2.253250364070424894e-11
2.325000000000019540e+01,1.123827282931813887e+00,1.019460791377702735e+00,1.726683989269208519e+00,1.983507054770239576e-07,2.118047404131573330e-11
2.330000000000019611e+01,1.123827281392046462e+00,1.019460801174979059e+00,1.726683989270267450e+00,1.904167833993719689e-07,1.990968501175416350e-11
2.335000000000019682e+01,1.123827279913868882e+00,1.019460810580369525e+00,1.726683989271262876e+00,1.828002118703375700e-07,1.871505728168187943e-11
2.340000000000019753e+01,1.123827278494817783e+00,1.019460819609549374e+00,1.726683989272198572e+00,1.754882971771732015e-07,1.759234424802968988e-11
2.345000000000019824e+01,1.123827277132527946e+00,1.019460828277566566e+00,1.726683989273078090e+00,1.684688535064093884e-07,1.653691072966978481e-11
2.350000000000019895e+01,1.123827275824728966e+00,1.019460836598867548e+00,1.726683989273904984e+00,1.617301822048888837e-07,1.554459339025981990e-11
2.355000000000019966e+01,1.123827274569241252e+00,1.019460844587320558e+00,1.726683989274682141e+00,1.552610527838505162e-07,1.461189502727222589e-11
2.360000000000020037e+01,1.123827273363972479e+00,1.019460852256239169e+00,1.726683989275412667e+00,1.490506839701977224e-07,1.373517966030135540e-11
2.365000000000020108e+01,1.123827272206914030e+00,1.019460859618404713e+00,1.726683989276099451e+00,1.430887254932899921e-07,1.291117213142456421e-11
2.370000000000020179e+01,1.123827271096137226e+00,1.019460866686086931e+00,1.726683989276744935e+00,1.373652412761661327e-07,1.213645850484112998e-11
2.375000000000020250e+01,1.123827270029791103e+00,1.019460873471065065e+00,1.726683989277351783e+00,1.318706925601542679e-07,1.140834648971633669e-11
2.380000000000020322e+01,1.123827269006098417e+00,1.019460879984647184e+00,1.726683989277922215e+00,1.265959220703161084e-07,1.072389399503492768e-11
2.385000000000020393e+01,1.123827268023352977e+00,1.019460886237688824e+00,1.726683989278458453e+00,1.215321389858026233e-07,1.008054750784026510e-11
2.390000000000020464e+01,1.123827267079916759e+00,1.019460892240611427e+00,1.726683989278962494e+00,1.166709039934765713e-07,9.475559226146401670e-12
2.395000000000020535e+01,1.123827266174217687e+00,1.019460898003419658e+00,1.726683989279436338e+00,1.120041153546136341e-07,8.906986259660243377e-12
2.400000000000020606e+01,1.123827265304746303e+00,1.019460903535717833e+00,1.726683989279881759e+00,1.075239954795304040e-07,8.372580406756924276e-12
2.405000000000020677e+01,1.123827264470053322e+00,1.019460908846726355e+00,1.726683989280300313e+00,1.032230776409903683e-07,7.870287754840887828e-12
2.410000000000020748e+01,1.123827263668747856e+00,1.019460913945296587e+00,1.726683989280693776e+00,9.909419402820418819e-08,7.398331947072733783e-12
2.415000000000020819e+01,1.123827262899494306e+00,1.019460918839925956e+00,1.726683989281063702e+00,9.513046341225185280e-08,6.954520292978827456e-12
2.420000000000020890e+01,1.123827262161010587e+00,1.019460923538771935e+00,1.726683989281411424e+00,9.132527982180782809e-08,6.537353991475924886e-12
2.425000000000020961e+01,1.123827261452065907e+00,1.019460928049665815e+00,1.726683989281738274e+00,8.767230146311534249e-08,6.145223219178319596e-12
2.430000000000021032e+01,1.123827260771478764e+00,1.019460932380125584e+00,1.726683989282045584e+00,8.416544026168538379e-08,5.776462641549073851e-12
2.435000000000021103e+01,1.123827260118114735e+00,1.019460936537368578e+00,1.726683989282334464e+00,8.079885157052936144e-08,5.429712235383021834e-12
2.440000000000021174e+01,1.123827259490885133e+00,1.019460940528323256e+00,1.726683989282606024e+00,7.756692471938554327e-08,5.103806266504307132e-12
2.445000000000021245e+01,1.123827258888744574e+00,1.019460944359640964e+00,1.726683989282861154e+00,7.446427340573880910e-08,4.797745534190767103e-12
2.450000000000021316e+01,1.123827258310689414e+00,1.019460948037707260e+00,1.726683989283100962e+00,7.148572658266517085e-08,4.510031237359157785e-12
2.455000000000021387e+01,1.123827257755756204e+00,1.019460951568652129e+00,1.726683989283326559e+00,6.862632016546577328e-08,4.239220086077466476e-12
2.460000000000021458e+01,1.123827257223020126e+00,1.019460954958360421e+00,1.726683989283538612e+00,6.588128856899189939e-08,3.984729213257764968e-12
2.465000000000021529e+01,1.123827256711593447e+00,1.019460958212481394e+00,1.726683989283737786e+00,6.324605698604379976e-08,3.745864729509662538e-12
2.470000000000021600e+01,1.123827256220623516e+00,1.019460961336438487e+00,1.726683989283924969e+00,6.071623346870503022e-08,3.521100078174299597e-12
2.475000000000021672e+01,1.123827255749292320e+00,1.019460964335438202e+00,1.726683989284101051e+00,5.828760180071057562e-08,3.309769125436901049e-12
2.480000000000021743e+01,1.123827255296814265e+00,1.019460967214478764e+00,1.726683989284266474e+00,5.595611436981507267e-08,3.111289004209538689e-12
2.485000000000021814e+01,1.123827254862435288e+00,1.019460969978358555e+00,1.726683989284422127e+00,5.371788543429012861e-08,2.924688269345665503e-12
2.490000000000021885e+01,1.123827254445431301e+00,1.019460972631683893e+00,1.726683989284568455e+00,5.156918474746863400e-08,2.749217520303659512e-12
2.495000000000021956e+01,1.123827254045107304e+00,1.019460975178877016e+00,1.726683989284705900e+00,4.950643112955344623e-08,2.584238378844361250e-12
2.500000000000022027e+01,1.123827253660796055e+00,1.019460977624182973e+00,1.726683989284835130e+00,4.752618691650223326e-08,2.428973688850533108e-12
2.505000000000022098e+01,1.123827253291857176e+00,1.019460979971677395e+00,1.726683989284956589e+00,4.562515164285851910e-08,2.283090383414787539e-12
2.510000000000022169e+01,1.123827252937675825e+00,1.019460982225272705e+00,1.726683989285070719e+00,4.380015700411466326e-08,2.146144373327274479e-12
2.515000000000022240e+01,1.123827252597661586e+00,1.019460984388724789e+00,1.726683989285177967e+00,4.204816143882350588e-08,2.017330746895140692e-12
2.520000000000022311e+01,1.123827252271247801e+00,1.019460986465639207e+00,1.726683989285278775e+00,4.036624513537035151e-08,1.896260926059767371e-12
2.525000000000022382e+01,1.123827251957890683e+00,1.019460988459477635e+00,1.726683989285373588e+00,3.875160484168027608e-08,1.782601843913766970e-12
2.530000000000022453e+01,1.123827251657067761e+00,1.019460990373562970e+00,1.726683989285462628e+00,3.720154959363508993e-08,1.675909411247289427e-12
2.535000000000022524e+01,1.123827251368277658e+00,1.019460992211085326e+00,1.726683989285546339e+00,3.571349602438101242e-08,1.575573005396790904e-12
2.540000000000022595e+01,1.123827251091038981e+00,1.019460993975107144e+00,1.726683989285625165e+00,3.428496414270565660e-08,1.480843225820649423e-12
2.545000000000022666e+01,1.123827250824889878e+00,1.019460995668568515e+00,1.726683989285699106e+00,3.291357302814823394e-08,1.392136406153099415e-12
2.550000000000022737e+01,1.123827250569386704e+00,1.019460997294291849e+00,1.726683989285768606e+00,3.159703707289463323e-08,1.308841923730597046e-12
2.555000000000022808e+01,1.123827250324103577e+00,1.019460998854986533e+00,1.726683989285834109e+00,3.033316220424353560e-08,1.230238133587135962e-12
2.560000000000022879e+01,1.123827250088631713e+00,1.019461000353253821e+00,1.726683989285895615e+00,2.911984187392580092e-08,1.156436058025178681e-12
2.565000000000022951e+01,1.123827249862578759e+00,1.019461001791590604e+00,1.726683989285953347e+00,2.795505408270671087e-08,1.087324674742262687e-12
2.570000000000023022e+01,1.123827249645567683e+00,1.019461003172394298e+00,1.726683989286007748e+00,2.683685736415419920e-08,1.021877027440609709e-12
2.575000000000023093e+01,1.123827249437236997e+00,1.019461004497966172e+00,1.726683989286058818e+00,2.576338813120582216e-08,9.604261830276072942e-13
2.580000000000023164e+01,1.123827249237239645e+00,1.019461005770515349e+00,1.726683989286106780e+00,2.473285744264419606e-08,9.029166303520241854e-13
2.585000000000023235e+01,1.123827249045242116e+00,1.019461006992162799e+00,1.726683989286151855e+00,2.374354768075459797e-08,8.488487690527790619e-13
2.590000000000023306e+01,1.123827248860924444e+00,1.019461008164944671e+00,1.726683989286194265e+00,2.279380996172975225e-08,7.979450433737156345e-13
2.595000000000023377e+01,1.123827248683979541e+00,1.019461009290815401e+00,1.726683989286234233e+00,2.188206158493244534e-08,7.501499421636026455e-13
2.600000000000023448e+01,1.123827248514112309e+00,1.019461010371651488e+00,1.726683989286271759e+00,2.100678289373991968e-08,7.051026429394369188e-13
2.605000000000023519e+01,1.123827248351039643e+00,1.019461011409254381e+00,1.726683989286307064e+00,2.016651506620004406e-08,6.626366122475246812e-13
2.610000000000023590e+01,1.123827248194489981e+00,1.019461012405353362e+00,1.726683989286340148e+00,1.935985771972514935e-08,6.229461391171753348e-13
2.615000000000023661e+01,1.123827248044202198e+00,1.019461013361608437e+00,1.726683989286371235e+00,1.858546654631698790e-08,5.855871343385388172e-13
2.620000000000023732e+01,1.123827247899926052e+00,1.019461014279613442e+00,1.726683989286400545e+00,1.784205087285162449e-08,5.505595979116151284e-13
2.625000000000023803e+01,1.123827247761420844e+00,1.019461015160898487e+00,1.726683989286428078e+00,1.712837156830904206e-08,5.175027073534010924e-13
2.630000000000023874e+01,1.123827247628455872e+00,1.019461016006932175e+00,1.726683989286454057e+00,1.644323935623415233e-08,4.864164626638967093e-13
2.635000000000023945e+01,1.123827247500809312e+00,1.019461016819124710e+00,1.726683989286478482e+00,1.578551220293711310e-08,4.569955525113300610e-13
2.640000000000024016e+01,1.123827247378268668e+00,1.019461017598829677e+00,1.726683989286501353e+00,1.515409397967459881e-08,4.294342659250105498e-13
2.645000000000024087e+01,1.123827247260629658e+00,1.019461018347346482e+00,1.726683989286522891e+00,1.454793241428831152e-08,4.035938250268600314e-13
2.650000000000024158e+01,1.123827247147696218e+00,1.019461019065922791e+00,1.726683989286543097e+00,1.396601712888578850e-08,3.793909630900316188e-13
2.655000000000024230e+01,1.123827247039280053e+00,1.019461019755756093e+00,1.726683989286561971e+00,1.340737835753280748e-08,3.566591466608315386e-13
2.660000000000024301e+01,1.123827246935200641e+00,1.019461020417996133e+00,1.726683989286579735e+00,1.287108505887424315e-08,3.355093980417223065e-13
2.665000000000024372e+01,1.123827246835284344e+00,1.019461021053746697e+00,1.726683989286596610e+00,1.235624337014851226e-08,3.153033389935444575e-13
2.670000000000024443e+01,1.123827246739364627e+00,1.019461021664067379e+00,1.726683989286612375e+00,1.186199518055097779e-08,2.963740364236855385e-13
2.675000000000024514e+01,1.123827246647281619e+00,1.019461022249975368e+00,1.726683989286627252e+00,1.138751677676186347e-08,2.784161790003736314e-13
2.680000000000024585e+01,1.123827246558882109e+00,1.019461022812446993e+00,1.726683989286641241e+00,1.093201754120975977e-08,2.617628336309962833e-13
2.685000000000024656e+01,1.123827246474018438e+00,1.019461023352419948e+00,1.726683989286654342e+00,1.049473806746803528e-08,2.460809334081659472e-13
2.690000000000024727e+01,1.123827246392549384e+00,1.019461023870793959e+00,1.726683989286666554e+00,1.007494976612566328e-08,2.315092562099607676e-13
2.695000000000024798e+01,1.123827246314339057e+00,1.019461024368433000e+00,1.726683989286678100e+00,9.671952982959198029e-09,2.176592239777619398e-13
2.700000000000024869e+01,1.123827246239257116e+00,1.019461024846166630e+00,1.726683989286688981e+00,9.285075924791997057e-09,2.045863478628007215e-13
2.705000000000024940e+01,1.123827246167178329e+00,1.019461025304790880e+00,1.726683989286699195e+00,8.913673943400368340e-09,1.922073611382302261e-13
2.710000000000025011e+01,1.123827246097982790e+00,1.019461025745070248e+00,1.726683989286708742e+00,8.557127956221321721e-09,1.807165528333598559e-13
2.715000000000025082e+01,1.123827246031555038e+00,1.019461026167738593e+00,1.726683989286717846e+00,8.214843677523121384e-09,1.697808560408020639e-13
2.720000000000025153e+01,1.123827245967784494e+00,1.019461026573500240e+00,1.726683989286726284e+00,7.886250721900189831e-09,1.597888488191756551e-13
2.725000000000025224e+01,1.123827245906564798e+00,1.019461026963031314e+00,1.726683989286734278e+00,7.570801560663475651e-09,1.503797086854774534e-13
2.730000000000025295e+01,1.123827245847793810e+00,1.019461027336981296e+00,1.726683989286741827e+00,7.267970228430620900e-09,1.413591466103980565e-13
2.735000000000025366e+01,1.123827245791373608e+00,1.019461027695973243e+00,1.726683989286748933e+00,6.977252153816949183e-09,1.328104293207843511e-13
2.740000000000025437e+01,1.123827245737210268e+00,1.019461028040605566e+00,1.726683989286755594e+00,6.698162752227788060e-09,1.248445791190988530e-13
2.745000000000025508e+01,1.123827245685213416e+00,1.019461028371452693e+00,1.726683989286761811e+00,6.430236823562474389e-09,1.173783292784946752e-13
2.750000000000025580e+01,1.123827245635296457e+00,1.019461028689065962e+00,1.726683989286767584e+00,6.173027897182770780e-09,1.105227021014343336e-13
2.755000000000025651e+01,1.123827245587376122e+00,1.019461028993974727e+00,1.726683989286773135e+00,5.926107299325522604e-09,1.038058528024521365e-13
2.760000000000025722e+01,1.123827245541372699e+00,1.019461029286687026e+00,1.726683989286778242e+00,5.689063606317823650e-09,9.781064846947629121e-14
2.765000000000025793e+01,1.123827245497209359e+00,1.019461029567690913e+00,1.726683989286783127e+00,5.461501589865136949e-09,9.195422201457859046e-14
2.770000000000025864e+01,1.123827245454812607e+00,1.019461029837454680e+00,1.726683989286787790e+00,5.243042031088940953e-09,8.648637361829969450e-14
2.775000000000025935e+01,1.123827245414111609e+00,1.019461030096427967e+00,1.726683989286792009e+00,5.033320754632697789e-09,8.137934770502397441e-14
2.780000000000026006e+01,1.123827245375038641e+00,1.019461030345042429e+00,1.726683989286796006e+00,4.831988240083795461e-09,7.652212197228891455e-14
2.785000000000026077e+01,1.123827245337528646e+00,1.019461030583712180e+00,1.726683989286799781e+00,4.638709133475416355e-09,7.202571872255703056e-14
2.790000000000026148e+01,1.123827245301519007e+00,1.019461030812835123e+00,1.726683989286803333e+00,4.453161192574662194e-09,6.769584892651892005e-14
2.795000000000026219e+01,1.123827245266949770e+00,1.019461031032793175e+00,1.726683989286806664e+00,4.275035139778005420e-09,6.369904603786835651e-14
2.800000000000026290e+01,1.123827245233763206e+00,1.019461031243952931e+00,1.726683989286809773e+00,4.104034087570873458e-09,5.981326545168030862e-14
2.805000000000026361e+01,1.123827245201904246e+00,1.019461031446666333e+00,1.726683989286812659e+00,3.939873058356191889e-09,5.642708522657358117e-14
2.810000000000026432e+01,1.123827245171319600e+00,1.019461031641271331e+00,1.726683989286815546e+00,3.782278371056158547e-09,5.298539385023559589e-14
2.815000000000026503e+01,1.123827245141958420e+00,1.019461031828092112e+00,1.726683989286818210e+00,3.630987485681025610e-09,4.996003610813204432e-14
2.820000000000026574e+01,1.123827245113771633e+00,1.019461032007439982e+00,1.726683989286820653e+00,3.485748281684131531e-09,4.699018951725975057e-14
2.825000000000026645e+01,1.123827245086712390e+00,1.019461032179614035e+00,1.726683989286823095e+00,3.346318586117114328e-09,4.427014310692811705e-14
2.830000000000026716e+01,1.123827245060735391e+00,1.019461032344901152e+00,1.726683989286825316e+00,3.212466029300919956e-09,4.160560784782774135e-14
2.835000000000026787e+01,1.123827245035797562e+00,1.019461032503576670e+00,1.726683989286827314e+00,3.083967661798858894e-09,3.930189507173054153e-14
2.840000000000026859e+01,1.123827245011857157e+00,1.019461032655905264e+00,1.726683989286829313e+00,2.960609149504911634e-09,3.683164884193956823e-14
2.845000000000026930e+01,1.123827244988874430e+00,1.019461032802140732e+00,1.726683989286831089e+00,2.842184954054971844e-09,3.480549182199865754e-14
2.850000000000027001e+01,1.123827244966810968e+00,1.019461032942526879e+00,1.726683989286832865e+00,2.728497655590800346e-09,3.266831249959523120e-14
2.855000000000027072e+01,1.123827244945630133e+00,1.019461033077297518e+00,1.726683989286834420e+00,2.619357894473317737e-09,3.091971123581060965e-14
2.860000000000027143e+01,1.123827244925296398e+00,1.019461033206677358e+00,1.726683989286835974e+00,2.514583688495442335e-09,2.903233209394784353e-14
2.865000000000027214e+01,1.123827244905776013e+00,1.019461033330882005e+00,1.726683989286837528e+00,2.414000457862108817e-09,2.714495295208507741e-14
2.870000000000027285e+01,1.123827244887036558e+00,1.019461033450118403e+00,1.726683989286838861e+00,2.317440608856636051e-09,2.567390744445674500e-14
2.875000000000027356e+01,1.123827244869046504e+00,1.019461033564585284e+00,1.726683989286840193e+00,2.224743181344912557e-09,2.384203945382523671e-14
2.880000000000027427e+01,1.123827244851776097e+00,1.019461033674473605e+00,1.726683989286841303e+00,2.135753549015184908e-09,2.248201624865941994e-14
2.885000000000027498e+01,1.123827244835196471e+00,1.019461033779966330e+00,1.726683989286842413e+00,2.050323549829258241e-09,2.098321516541545861e-14
2.890000000000027569e+01,1.123827244819280091e+00,1.019461033881239320e+00,1.726683989286843524e+00,1.968310786581994793e-09,1.962319196024964185e-14
2.895000000000027640e+01,1.123827244804000314e+00,1.019461033978461550e+00,1.726683989286844412e+00,1.889578382652246091e-09,1.842970220877759857e-14
2.900000000000027711e+01,1.123827244789331825e+00,1.019461034071794892e+00,1.726683989286845300e+00,1.813995290089742737e-09,1.740274591099932877e-14
2.905000000000027782e+01,1.123827244775249978e+00,1.019461034161394775e+00,1.726683989286846188e+00,1.741435609603492237e-09,1.626476731075854332e-14
2.910000000000027853e+01,1.123827244761731459e+00,1.019461034247410636e+00,1.726683989286847076e+00,1.671778349088271067e-09,1.518229986174901569e-14
2.915000000000027924e+01,1.123827244748753618e+00,1.019461034329985916e+00,1.726683989286847742e+00,1.604907309826764188e-09,1.423861029081763263e-14
2.920000000000027995e+01,1.123827244736294917e+00,1.019461034409258282e+00,1.726683989286848409e+00,1.540711042080644854e-09,1.335043187111750740e-14
2.925000000000028066e+01,1.123827244724334706e+00,1.019461034485359630e+00,1.726683989286849075e+00,1.479082742394943916e-09,1.273980920757367130e-14
2.930000000000028137e+01,1.123827244712852780e+00,1.019461034558416967e+00,1.726683989286849741e+00,1.419919529177526840e-09,1.185163078787354607e-14
2.935000000000028209e+01,1.123827244701830264e+00,1.019461034628551976e+00,1.726683989286850407e+00,1.363122889563861572e-09,1.121325254871408106e-14
2.940000000000028280e+01,1.123827244691248506e+00,1.019461034695881674e+00,1.726683989286851073e+00,1.308598029936547515e-09,1.038058528024521365e-14
2.945000000000028351e+01,1.123827244681089965e+00,1.019461034760518192e+00,1.726683989286851517e+00,1.256254134052170540e-09,9.714451465470119729e-15
2.950000000000028422e+01,1.123827244671337766e+00,1.019461034822569223e+00,1.726683989286851961e+00,1.206004013321049353e-09,9.048317650695025804e-15
2.955000000000028493e+01,1.123827244661975699e+00,1.019461034882138240e+00,1.726683989286852405e+00,1.157763887538187972e-09,8.520961713998076448e-15
2.960000000000028564e+01,1.123827244652988222e+00,1.019461034939324495e+00,1.726683989286852849e+00,1.111453379332161345e-09,8.021361352916756005e-15
2.965000000000028635e+01,1.123827244644360235e+00,1.019461034994223247e+00,1.726683989286853294e+00,1.066995330978315420e-09,7.605027718682322302e-15
2.970000000000028706e+01,1.123827244636077305e+00,1.019461035046926201e+00,1.726683989286853738e+00,1.024315482434090582e-09,7.077671781985372945e-15
2.975000000000028777e+01,1.123827244628125666e+00,1.019461035097520840e+00,1.726683989286854182e+00,9.833429820416129391e-10,6.494804694057165761e-15
2.980000000000028848e+01,1.123827244620492216e+00,1.019461035146091765e+00,1.726683989286854404e+00,9.440093234891479132e-10,6.383782391594650107e-15
2.985000000000028919e+01,1.123827244613164078e+00,1.019461035192719800e+00,1.726683989286854626e+00,9.062490452516059401e-10,6.189493362285247713e-15
2.990000000000028990e+01,1.123827244606129039e+00,1.019461035237482882e+00,1.726683989286854848e+00,8.699990422522674914e-10,6.022959908591474232e-15
2.995000000000029061e+01,1.123827244599375330e+00,1.019461035280455397e+00,1.726683989286855070e+00,8.351990710142587411e-10,5.634381849972669443e-15
3.000000000000029132e+01,1.123827244592891850e+00,1.019461035321709064e+00,1.726683989286855292e+00,8.017910640978342940e-10,5.523359547510153789e-15
3.005000000000029203e+01,1.123827244586667717e+00,1.019461035361312495e+00,1.726683989286855514e+00,7.697194492894965585e-10,5.273559366969493567e-15
3.010000000000029274e+01,1.123827244580692497e+00,1.019461035399331861e+00,1.726683989286855736e+00,7.389306388994043573e-10,5.023759186428833345e-15
3.015000000000029345e+01,1.123827244574956197e+00,1.019461035435830443e+00,1.726683989286855958e+00,7.093733767060684324e-10,4.690692279041286383e-15
3.020000000000029416e+01,1.123827244569449491e+00,1.019461035470869081e+00,1.726683989286856180e+00,6.809984215427889519e-10,4.468647674116255075e-15
3.025000000000029488e+01,1.123827244564163053e+00,1.019461035504506174e+00,1.726683989286856402e+00,6.537584695820442821e-10,4.357625371653739421e-15
3.030000000000029559e+01,1.123827244559088001e+00,1.019461035536797677e+00,1.726683989286856624e+00,6.276081904177388951e-10,3.996802888650563546e-15
3.035000000000029630e+01,1.123827244554215898e+00,1.019461035567797547e+00,1.726683989286856846e+00,6.025038967738538945e-10,3.635980405647387670e-15
3.040000000000029701e+01,1.123827244549538751e+00,1.019461035597557519e+00,1.726683989286857068e+00,5.784037054867852962e-10,3.386180225106727448e-15
3.045000000000029772e+01,1.123827244545048787e+00,1.019461035626127110e+00,1.726683989286857290e+00,5.552675208519986179e-10,3.275157922644211794e-15
3.050000000000029843e+01,1.123827244540738235e+00,1.019461035653553838e+00,1.726683989286857512e+00,5.330568264572121755e-10,2.886579864025407005e-15
3.055000000000029914e+01,1.123827244536600212e+00,1.019461035679883443e+00,1.726683989286857734e+00,5.117346130179001307e-10,2.609024107869117870e-15
3.060000000000029985e+01,1.123827244532627612e+00,1.019461035705159890e+00,1.726683989286857956e+00,4.912652590283173233e-10,2.248201624865941994e-15
3.065000000000030056e+01,1.123827244528813996e+00,1.019461035729425369e+00,1.726683989286858179e+00,4.716146168037838245e-10,2.026157019940910686e-15
3.070000000000030127e+01,1.123827244525152924e+00,1.019461035752720068e+00,1.726683989286858179e+00,4.527501068496420399e-10,2.026157019940910686e-15
3.075000000000030198e+01,1.123827244521638402e+00,1.019461035775083069e+00,1.726683989286858179e+00,4.346401211163808708e-10,2.137179322403426340e-15
3.080000000000030269e+01,1.123827244518264434e+00,1.019461035796551451e+00,1.726683989286858179e+00,4.172546058667236935e-10,2.220446049250313081e-15
3.085000000000030340e+01,1.123827244515025248e+00,1.019461035817161187e+00,1.726683989286858179e+00,4.005644205218317521e-10,2.081668171172168513e-15
3.090000000000030411e+01,1.123827244511915735e+00,1.019461035836946472e+00,1.726683989286858179e+00,3.845419066506039692e-10,2.081668171172168513e-15
3.095000000000030482e+01,1.123827244508930567e+00,1.019461035855940390e+00,1.726683989286858179e+00,3.691602523669956988e-10,2.053912595556539600e-15
3.100000000000030553e+01,1.123827244506064860e+00,1.019461035874174692e+00,1.726683989286858179e+00,3.543937587835444199e-10,2.081668171172168513e-15
3.105000000000030624e+01,1.123827244503313727e+00,1.019461035891679579e+00,1.726683989286858179e+00,3.402179538092298530e-10,2.081668171172168513e-15
3.110000000000030695e+01,1.123827244500672728e+00,1.019461035908484137e+00,1.726683989286858179e+00,3.266092951648147391e-10,2.137179322403426340e-15
3.115000000000030767e+01,1.123827244498137201e+00,1.019461035924616565e+00,1.726683989286858179e+00,3.135449233582221599e-10,2.026157019940910686e-15
3.120000000000030838e+01,1.123827244495703148e+00,1.019461035940103733e+00,1.726683989286858179e+00,3.010031029981874750e-10,1.915134717478395032e-15
3.125000000000030909e+01,1.123827244493366573e+00,1.019461035954971395e+00,1.726683989286858179e+00,2.889629840963081930e-10,2.026157019940910686e-15
3.130000000000030980e+01,1.123827244491123478e+00,1.019461035969244422e+00,1.726683989286858179e+00,2.774044161046873672e-10,2.192690473634684167e-15
3.135000000000031051e+01,1.123827244488970090e+00,1.019461035982946351e+00,1.726683989286858179e+00,2.663083281673195612e-10,2.248201624865941994e-15
3.140000000000031122e+01,1.123827244486902854e+00,1.019461035996100273e+00,1.726683989286858401e+00,2.556560518840456098e-10,2.081668171172168513e-15
3.145000000000031193e+01,1.123827244484918220e+00,1.019461036008728172e+00,1.726683989286858401e+00,2.454297293175145104e-10,2.081668171172168513e-15
3.150000000000031264e+01,1.123827244483013077e+00,1.019461036020850919e+00,1.726683989286858401e+00,2.356125017310972680e-10,2.248201624865941994e-15
3.155000000000031335e+01,1.123827244481184096e+00,1.019461036032488721e+00,1.726683989286858623e+00,2.261880099885260723e-10,2.026157019940910686e-15
3.160000000000031406e+01,1.123827244479428167e+00,1.019461036043660895e+00,1.726683989286858623e+00,2.171405527606751310e-10,1.887379141862766119e-15
3.165000000000031477e+01,1.123827244477742626e+00,1.019461036054386316e+00,1.726683989286858623e+00,2.084549061143192716e-10,2.053912595556539600e-15
3.170000000000031548e+01,1.123827244476124365e+00,1.019461036064682746e+00,1.726683989286858623e+00,2.001166482523686496e-10,1.998401444325281773e-15
3.175000000000031619e+01,1.123827244474570941e+00,1.019461036074567284e+00,1.726683989286858623e+00,1.921119596737242070e-10,2.053912595556539600e-15
3.180000000000031690e+01,1.123827244473079690e+00,1.019461036084056360e+00,1.726683989286858623e+00,1.844275288043206729e-10,2.192690473634684167e-15
3.185000000000031761e+01,1.123827244471647946e+00,1.019461036093165962e+00,1.726683989286858623e+00,1.770503882392304718e-10,2.109423746787797427e-15
3.190000000000031832e+01,1.123827244470273490e+00,1.019461036101911189e+00,1.726683989286858623e+00,1.699683255251827270e-10,2.053912595556539600e-15
3.195000000000031903e+01,1.123827244468954101e+00,1.019461036110306473e+00,1.726683989286858623e+00,1.631696611159583354e-10,2.109423746787797427e-15
3.200000000000031974e+01,1.123827244467687336e+00,1.019461036118366026e+00,1.726683989286858623e+00,1.566428625698890290e-10,1.998401444325281773e-15
3.205000000000031690e+01,1.123827244466471420e+00,1.019461036126103171e+00,1.726683989286858623e+00,1.503771801525388799e-10,2.053912595556539600e-15
3.210000000000031406e+01,1.123827244465304132e+00,1.019461036133530785e+00,1.726683989286858623e+00,1.443621583385734756e-10,2.164934898019055254e-15
3.215000000000031122e+01,1.123827244464183472e+00,1.019461036140661303e+00,1.726683989286858623e+00,1.385877218540443426e-10,2.164934898019055254e-15
3.220000000000030838e+01,1.123827244463107666e+00,1.019461036147506716e+00,1.726683989286858623e+00,1.330441756763889471e-10,2.192690473634684167e-15
3.225000000000030553e+01,1.123827244462074937e+00,1.019461036154078348e+00,1.726683989286858623e+00,1.277223465878662978e-10,2.359223927328457648e-15
3.230000000000030269e+01,1.123827244461083508e+00,1.019461036160387080e+00,1.726683989286858845e+00,1.226134443976789715e-10,2.137179322403426340e-15
3.235000000000029985e+01,1.123827244460131602e+00,1.019461036166443346e+00,1.726683989286858845e+00,1.177089509196704956e-10,2.026157019940910686e-15
3.240000000000029701e+01,1.123827244459217889e+00,1.019461036172257362e+00,1.726683989286858845e+00,1.130006477279010927e-10,2.053912595556539600e-15
3.245000000000029416e+01,1.123827244458340591e+00,1.019461036177838897e+00,1.726683989286858845e+00,1.084805995033022441e-10,1.915134717478395032e-15
3.250000000000029132e+01,1.123827244457498375e+00,1.019461036183197056e+00,1.726683989286858845e+00,1.041414426916631545e-10,1.748601263784621551e-15
3.255000000000028848e+01,1.123827244456689911e+00,1.019461036188340941e+00,1.726683989286858845e+00,9.997581928988807931e-11,1.720845688168992638e-15
3.260000000000028564e+01,1.123827244455913865e+00,1.019461036193279213e+00,1.726683989286858845e+00,9.597671546401898271e-11,1.804112415015879378e-15
3.265000000000028280e+01,1.123827244455168906e+00,1.019461036198019865e+00,1.726683989286858845e+00,9.213765306270716658e-11,1.970645868709652859e-15
3.270000000000027995e+01,1.123827244454453700e+00,1.019461036202570892e+00,1.726683989286858845e+00,8.845214838348880448e-11,2.026157019940910686e-15
3.275000000000027711e+01,1.123827244453767138e+00,1.019461036206939841e+00,1.726683989286858845e+00,8.491409519972848392e-11,2.137179322403426340e-15
3.280000000000027427e+01,1.123827244453107888e+00,1.019461036211134042e+00,1.726683989286858845e+00,8.151753994045663955e-11,2.026157019940910686e-15
3.285000000000027143e+01,1.123827244452475060e+00,1.019461036215160599e+00,1.726683989286858845e+00,7.825675385486619524e-11,2.026157019940910686e-15
3.290000000000026859e+01,1.123827244451867546e+00,1.019461036219025951e+00,1.726683989286858845e+00,7.512651334362631030e-11,1.970645868709652859e-15
3.295000000000026574e+01,1.123827244451284457e+00,1.019461036222736761e+00,1.726683989286858845e+00,7.212143937618265516e-11,2.137179322403426340e-15
3.300000000000026290e+01,1.123827244450724683e+00,1.019461036226299022e+00,1.726683989286858845e+00,6.923665807345713574e-11,2.248201624865941994e-15
3.305000000000026006e+01,1.123827244450187113e+00,1.019461036229718953e+00,1.726683989286859067e+00,6.646714290070577198e-11,1.915134717478395032e-15
3.310000000000025722e+01,1.123827244449671081e+00,1.019461036233002105e+00,1.726683989286859067e+00,6.380837525021831880e-11,1.859623566247137205e-15
3.315000000000025437e+01,1.123827244449175700e+00,1.019461036236153806e+00,1.726683989286859067e+00,6.125605855888949495e-11,1.804112415015879378e-15
3.320000000000025153e+01,1.123827244448700080e+00,1.019461036239179386e+00,1.726683989286859067e+00,5.880587128359594183e-11,1.637578961322105897e-15
3.325000000000024869e+01,1.123827244448243556e+00,1.019461036242083951e+00,1.726683989286859067e+00,5.645369449691628978e-11,1.582067810090848070e-15
3.330000000000024585e+01,1.123827244447805240e+00,1.019461036244872387e+00,1.726683989286859067e+00,5.419555082486482434e-11,1.471045507628332416e-15
3.335000000000024301e+01,1.123827244447384466e+00,1.019461036247549357e+00,1.726683989286859067e+00,5.202768216250319840e-11,1.360023205165816762e-15
3.340000000000024016e+01,1.123827244446980567e+00,1.019461036250119301e+00,1.726683989286859067e+00,4.994649138723161741e-11,1.360023205165816762e-15
3.345000000000023732e+01,1.123827244446592877e+00,1.019461036252586439e+00,1.726683989286859067e+00,4.794855901213424364e-11,1.471045507628332416e-15
3.350000000000023448e+01,1.123827244446220730e+00,1.019461036254954767e+00,1.726683989286859067e+00,4.603065151265184340e-11,1.582067810090848070e-15
3.355000000000023164e+01,1.123827244445863460e+00,1.019461036257228281e+00,1.726683989286859067e+00,4.418951871087984335e-11,1.637578961322105897e-15
3.360000000000022879e+01,1.123827244445520401e+00,1.019461036259410980e+00,1.726683989286859067e+00,4.242192153114388149e-11,1.582067810090848070e-15
3.365000000000022595e+01,1.123827244445191109e+00,1.019461036261506415e+00,1.726683989286859067e+00,4.072500114915556098e-11,1.637578961322105897e-15
3.370000000000022311e+01,1.123827244444874918e+00,1.019461036263517917e+00,1.726683989286859067e+00,3.909604029406210786e-11,1.526556658859590243e-15
3.375000000000022027e+01,1.123827244444571383e+00,1.019461036265449039e+00,1.726683989286859067e+00,3.753217736601755467e-11,1.498801083243961330e-15
3.380000000000021743e+01,1.123827244444280060e+00,1.019461036267302889e+00,1.726683989286859067e+00,3.603089493431355224e-11,1.526556658859590243e-15
3.385000000000021458e+01,1.123827244444000284e+00,1.019461036269082577e+00,1.726683989286859067e+00,3.458965891489640528e-11,1.471045507628332416e-15
3.390000000000021174e+01,1.123827244443731832e+00,1.019461036270790988e+00,1.726683989286859067e+00,3.320616004387488829e-11,1.498801083243961330e-15
3.395000000000020890e+01,1.123827244443474038e+00,1.019461036272431231e+00,1.726683989286859067e+00,3.187785868608017769e-11,1.498801083243961330e-15
3.400000000000020606e+01,1.123827244443226681e+00,1.019461036274005750e+00,1.726683989286859067e+00,3.060279529787380103e-11,1.637578961322105897e-15
3.405000000000020322e+01,1.123827244442989093e+00,1.019461036275517429e+00,1.726683989286859067e+00,2.937860510421330802e-11,1.637578961322105897e-15
3.410000000000020037e+01,1.123827244442761053e+00,1.019461036276968491e+00,1.726683989286859067e+00,2.820350897270174073e-11,1.665334536937734811e-15
3.415000000000019753e+01,1.123827244442542117e+00,1.019461036278361599e+00,1.726683989286859067e+00,2.707534474399864425e-11,1.665334536937734811e-15
3.420000000000019469e+01,1.123827244442331841e+00,1.019461036279698973e+00,1.726683989286859067e+00,2.599229997901631025e-11,1.526556658859590243e-15
3.425000000000019185e+01,1.123827244442130002e+00,1.019461036280982835e+00,1.726683989286859067e+00,2.495259276980021988e-11,1.415534356397074589e-15
3.430000000000018900e+01,1.123827244441936379e+00,1.019461036282215405e+00,1.726683989286859067e+00,2.395444675951097289e-11,1.582067810090848070e-15
3.435000000000018616e+01,1.123827244441750528e+00,1.019461036283398681e+00,1.726683989286859067e+00,2.299622159362968626e-11,1.748601263784621551e-15
3.440000000000018332e+01,1.123827244441572004e+00,1.019461036284534439e+00,1.726683989286859067e+00,2.207645732887897532e-11,1.693090112553363724e-15
3.445000000000018048e+01,1.123827244441400586e+00,1.019461036285624900e+00,1.726683989286859067e+00,2.119337483286187891e-11,1.637578961322105897e-15
3.450000000000017764e+01,1.123827244441236051e+00,1.019461036286671618e+00,1.726683989286859067e+00,2.034571955356057190e-11,1.582067810090848070e-15
3.455000000000017479e+01,1.123827244441078177e+00,1.019461036287676592e+00,1.726683989286859067e+00,1.953188166758934779e-11,1.693090112553363724e-15
3.460000000000017195e+01,1.123827244440926520e+00,1.019461036288641376e+00,1.726683989286859067e+00,1.875057609179720169e-11,1.665334536937734811e-15
3.465000000000016911e+01,1.123827244440780859e+00,1.019461036289567524e+00,1.726683989286859067e+00,1.800055104972386937e-11,1.498801083243961330e-15
3.470000000000016627e+01,1.123827244440641193e+00,1.019461036290456590e+00,1.726683989286859067e+00,1.728057419381201628e-11,1.582067810090848070e-15
3.475000000000016342e+01,1.123827244440507078e+00,1.019461036291310130e+00,1.726683989286859067e+00,1.658936599202576254e-11,1.637578961322105897e-15
3.480000000000016058e+01,1.123827244440378292e+00,1.019461036292129474e+00,1.726683989286859067e+00,1.592584120135853774e-11,1.637578961322105897e-15
3.485000000000015774e+01,1.123827244440254614e+00,1.019461036292916178e+00,1.726683989286859067e+00,1.528874804535007764e-11,1.582067810090848070e-15
3.490000000000015490e+01,1.123827244440135820e+00,1.019461036293671352e+00,1.726683989286859067e+00,1.467717891667774601e-11,1.360023205165816762e-15
3.495000000000015206e+01,1.123827244440021911e+00,1.019461036294396328e+00,1.726683989286859067e+00,1.409008465458328048e-11,1.471045507628332416e-15
3.500000000000014921e+01,1.123827244439912443e+00,1.019461036295092216e+00,1.726683989286859067e+00,1.352652712061086504e-11,1.304512053934558935e-15
3.505000000000014637e+01,1.123827244439807416e+00,1.019461036295760348e+00,1.726683989286859067e+00,1.298545715400223408e-11,1.249000902703301108e-15
3.510000000000014353e+01,1.123827244439706607e+00,1.019461036296401835e+00,1.726683989286859067e+00,1.246596992299231552e-11,1.304512053934558935e-15
3.515000000000014069e+01,1.123827244439609796e+00,1.019461036297017564e+00,1.726683989286859067e+00,1.196733545594241864e-11,1.193489751472043281e-15
3.520000000000013785e+01,1.123827244439516981e+00,1.019461036297608647e+00,1.726683989286859067e+00,1.148867390110552930e-11,1.332267629550187849e-15
3.525000000000013500e+01,1.123827244439427719e+00,1.019461036298176193e+00,1.726683989286859067e+00,1.102905822225608322e-11,1.249000902703301108e-15
3.530000000000013216e+01,1.123827244439342010e+00,1.019461036298720868e+00,1.726683989286859067e+00,1.058795273678470071e-11,1.082467449009527627e-15
3.535000000000012932e+01,1.123827244439259854e+00,1.019461036299243784e+00,1.726683989286859067e+00,1.016449147073217383e-11,1.137978600240785454e-15
3.540000000000012648e+01,1.123827244439181028e+00,1.019461036299745826e+00,1.726683989286859067e+00,9.757936125787125871e-12,1.249000902703301108e-15
3.545000000000012363e+01,1.123827244439105311e+00,1.019461036300227885e+00,1.726683989286859067e+00,9.367562281425989568e-12,1.304512053934558935e-15
3.550000000000012079e+01,1.123827244439032702e+00,1.019461036300690626e+00,1.726683989286859067e+00,8.992839806154507055e-12,1.471045507628332416e-15
3.555000000000011795e+01,1.123827244438962980e+00,1.019461036301134715e+00,1.726683989286859067e+00,8.633216364017926672e-12,1.582067810090848070e-15
3.560000000000011511e+01,1.123827244438895923e+00,1.019461036301561041e+00,1.726683989286859067e+00,8.287961983377556084e-12,1.498801083243961330e-15
3.565000000000011227e+01,1.123827244438831530e+00,1.019461036301970491e+00,1.726683989286859067e+00,7.956374448170323436e-12,1.471045507628332416e-15
3.570000000000010942e+01,1.123827244438769801e+00,1.019461036302363510e+00,1.726683989286859067e+00,7.638106813701028518e-12,1.498801083243961330e-15
3.575000000000010658e+01,1.123827244438710515e+00,1.019461036302740764e+00,1.726683989286859067e+00,7.332598417342240150e-12,1.498801083243961330e-15
3.580000000000010374e+01,1.123827244438653672e+00,1.019461036303102919e+00,1.726683989286859067e+00,7.039327454272381601e-12,1.637578961322105897e-15
3.585000000000010090e+01,1.123827244438599049e+00,1.019461036303450641e+00,1.726683989286859067e+00,6.757738812979141908e-12,1.665334536937734811e-15
3.590000000000009805e+01,1.123827244438546646e+00,1.019461036303784374e+00,1.726683989286859067e+00,6.487482773209763177e-12,1.693090112553363724e-15
3.595000000000009521e+01,1.123827244438496242e+00,1.019461036304104784e+00,1.726683989286859067e+00,6.228001447894371914e-12,1.665334536937734811e-15
3.600000000000009237e+01,1.123827244438447837e+00,1.019461036304412316e+00,1.726683989286859067e+00,5.978945116780210224e-12,1.526556658859590243e-15
3.605000000000008953e+01,1.123827244438401429e+00,1.019461036304707635e+00,1.726683989286859067e+00,5.739794750603267140e-12,1.526556658859590243e-15
3.610000000000008669e+01,1.123827244438356798e+00,1.019461036304991186e+00,1.726683989286859067e+00,5.510158995747361324e-12,1.471045507628332416e-15
3.615000000000008384e+01,1.123827244438313944e+00,1.019461036305263413e+00,1.726683989286859067e+00,5.289696458632420864e-12,1.332267629550187849e-15
3.620000000000008100e+01,1.123827244438272865e+00,1.019461036305524759e+00,1.726683989286859067e+00,5.078049092333003500e-12,1.332267629550187849e-15
3.625000000000007816e+01,1.123827244438233341e+00,1.019461036305775670e+00,1.726683989286859067e+00,4.874847747693423308e-12,1.193489751472043281e-15
3.630000000000007532e+01,1.123827244438195594e+00,1.019461036306016366e+00,1.726683989286859067e+00,4.679936993490230179e-12,1.332267629550187849e-15
3.635000000000007248e+01,1.123827244438159179e+00,1.019461036306247514e+00,1.726683989286859067e+00,4.492739513750620972e-12,1.193489751472043281e-15
3.640000000000006963e+01,1.123827244438124318e+00,1.019461036306469337e+00,1.726683989286859067e+00,4.313102652808708919e-12,1.193489751472043281e-15
3.645000000000006679e+01,1.123827244438090789e+00,1.019461036306682278e+00,1.726683989286859067e+00,4.140648934836122114e-12,1.082467449009527627e-15
3.650000000000006395e+01,1.123827244438058592e+00,1.019461036306886781e+00,1.726683989286859067e+00,3.975034190695226112e-12,9.992007221626408864e-16
3.655000000000006111e+01,1.123827244438027728e+00,1.019461036307083068e+00,1.726683989286859067e+00,3.816075233586957600e-12,9.992007221626408864e-16
3.660000000000005826e+01,1.123827244437998196e+00,1.019461036307271584e+00,1.726683989286859067e+00,3.663422343258560300e-12,1.137978600240785454e-15
3.665000000000005542e+01,1.123827244437969775e+00,1.019461036307452551e+00,1.726683989286859067e+00,3.516872904008039636e-12,1.165734175856414367e-15
3.670000000000005258e+01,1.123827244437942463e+00,1.019461036307626189e+00,1.726683989286859067e+00,3.376254831266578791e-12,1.137978600240785454e-15
3.675000000000004974e+01,1.123827244437916262e+00,1.019461036307792945e+00,1.726683989286859067e+00,3.241212853666297633e-12,1.165734175856414367e-15
3.680000000000004690e+01,1.123827244437891171e+00,1.019461036307953039e+00,1.726683989286859067e+00,3.111574886638379747e-12,1.249000902703301108e-15
3.685000000000004405e+01,1.123827244437866968e+00,1.019461036308106694e+00,1.726683989286859067e+00,2.987135538923269238e-12,1.165734175856414367e-15
3.690000000000004121e+01,1.123827244437843875e+00,1.019461036308254132e+00,1.726683989286859067e+00,2.867747705970202787e-12,1.304512053934558935e-15
3.695000000000003837e+01,1.123827244437821671e+00,1.019461036308395796e+00,1.726683989286859067e+00,2.753033911950808488e-12,1.360023205165816762e-15
3.700000000000003553e+01,1.123827244437800355e+00,1.019461036308531687e+00,1.726683989286859067e+00,2.642991381307524615e-12,1.471045507628332416e-15
3.705000000000003268e+01,1.123827244437779926e+00,1.019461036308662250e+00,1.726683989286859067e+00,2.537267618230032763e-12,1.582067810090848070e-15
3.710000000000002984e+01,1.123827244437760164e+00,1.019461036308787483e+00,1.726683989286859067e+00,2.435843193815401264e-12,1.471045507628332416e-15
3.715000000000002700e+01,1.123827244437741291e+00,1.019461036308907831e+00,1.726683989286859067e+00,2.338387816713805104e-12,1.526556658859590243e-15
3.720000000000002416e+01,1.123827244437723083e+00,1.019461036309023294e+00,1.726683989286859067e+00,2.244876506907189974e-12,1.415534356397074589e-15
3.725000000000002132e+01,1.123827244437705764e+00,1.019461036309134094e+00,1.726683989286859067e+00,2.155159384287230831e-12,1.582067810090848070e-15
3.730000000000001847e+01,1.123827244437689110e+00,1.019461036309240454e+00,1.726683989286859067e+00,2.069033833151934313e-12,1.665334536937734811e-15
3.735000000000001563e+01,1.123827244437673123e+00,1.019461036309342594e+00,1.726683989286859067e+00,1.986327768932483195e-12,1.748601263784621551e-15
3.740000000000001279e+01,1.123827244437657802e+00,1.019461036309440738e+00,1.726683989286859067e+00,1.906860780387376295e-12,1.915134717478395032e-15
3.745000000000000995e+01,1.123827244437642925e+00,1.019461036309534885e+00,1.726683989286859067e+00,1.830610663056120221e-12,1.804112415015879378e-15
3.750000000000000711e+01,1.123827244437628714e+00,1.019461036309625257e+00,1.726683989286859067e+00,1.757424761272830023e-12,1.804112415015879378e-15
3.755000000000000426e+01,1.123827244437615169e+00,1.019461036309712076e+00,1.726683989286859067e+00,1.687128214911126755e-12,1.915134717478395032e-15
3.760000000000000142e+01,1.123827244437602069e+00,1.019461036309795343e+00,1.726683989286859067e+00,1.619693268395394787e-12,1.915134717478395032e-15
3.764999999999999858e+01,1.123827244437589412e+00,1.019461036309875279e+00,1.726683989286859067e+00,1.554950612714378622e-12,1.748601263784621551e-15
3.769999999999999574e+01,1.123827244437577422e+00,1.019461036309952107e+00,1.726683989286859067e+00,1.492742041087069659e-12,1.915134717478395032e-15
3.774999999999999289e+01,1.123827244437565875e+00,1.019461036310025825e+00,1.726683989286859067e+00,1.433050900168098158e-12,1.970645868709652859e-15
3.779999999999999005e+01,1.123827244437554773e+00,1.019461036310096658e+00,1.726683989286859067e+00,1.375691227600839284e-12,1.998401444325281773e-15
3.784999999999998721e+01,1.123827244437544115e+00,1.019461036310164603e+00,1.726683989286859067e+00,1.320671350057978210e-12,2.026157019940910686e-15
3.789999999999998437e+01,1.123827244437533901e+00,1.019461036310229884e+00,1.726683989286859067e+00,1.267810856298012944e-12,2.081668171172168513e-15
3.794999999999998153e+01,1.123827244437524131e+00,1.019461036310292501e+00,1.726683989286859067e+00,1.217112521878505211e-12,2.192690473634684167e-15
3.799999999999997868e+01,1.123827244437514583e+00,1.019461036310352675e+00,1.726683989286859067e+00,1.168368179982337592e-12,2.081668171172168513e-15
3.804999999999997584e+01,1.123827244437505479e+00,1.019461036310410407e+00,1.726683989286859067e+00,1.121613912857810687e-12,2.026157019940910686e-15
3.809999999999997300e+01,1.123827244437496820e+00,1.019461036310465918e+00,1.726683989286859067e+00,1.076666533705861184e-12,2.137179322403426340e-15
3.814999999999997016e+01,1.123827244437488382e+00,1.019461036310519209e+00,1.726683989286859067e+00,1.033503838065996701e-12,2.026157019940910686e-15
3.819999999999996732e+01,1.123827244437480388e+00,1.019461036310570279e+00,1.726683989286859067e+00,9.921508059562711423e-13,2.081668171172168513e-15
3.824999999999996447e+01,1.123827244437472617e+00,1.019461036310619351e+00,1.726683989286859067e+00,9.524020461171290157e-13,1.970645868709652859e-15
3.829999999999996163e+01,1.123827244437465289e+00,1.019461036310666424e+00,1.726683989286859067e+00,9.142936407968705175e-13,2.081668171172168513e-15
3.834999999999995879e+01,1.123827244437458184e+00,1.019461036310711499e+00,1.726683989286859067e+00,8.777867321896338277e-13,2.026157019940910686e-15
3.839999999999995595e+01,1.123827244437451300e+00,1.019461036310754798e+00,1.726683989286859067e+00,8.427147868417250720e-13,1.970645868709652859e-15
3.844999999999995310e+01,1.123827244437444861e+00,1.019461036310796320e+00,1.726683989286859067e+00,8.090972336560754127e-13,2.081668171172168513e-15
3.849999999999995026e+01,1.123827244437438644e+00,1.019461036310836288e+00,1.726683989286859067e+00,7.767397836033751446e-13,2.164934898019055254e-15
3.854999999999994742e+01,1.123827244437432649e+00,1.019461036310874702e+00,1.726683989286859067e+00,7.456368855685014245e-13,2.192690473634684167e-15
3.859999999999994458e+01,1.123827244437426875e+00,1.019461036310911561e+00,1.726683989286859067e+00,7.157885395514540505e-13,2.248201624865941994e-15
3.864999999999994174e+01,1.123827244437421324e+00,1.019461036310946866e+00,1.726683989286859289e+00,6.872225011278488535e-13,1.970645868709652859e-15
3.869999999999993889e+01,1.123827244437415995e+00,1.019461036310980839e+00,1.726683989286859289e+00,6.597111745776374543e-13,1.970645868709652859e-15
3.874999999999993605e+01,1.123827244437410888e+00,1.019461036311013480e+00,1.726683989286859289e+00,6.332795399188740601e-13,2.026157019940910686e-15
3.879999999999993321e+01,1.123827244437406003e+00,1.019461036311044788e+00,1.726683989286859289e+00,6.079303727091200926e-13,2.053912595556539600e-15
3.884999999999993037e+01,1.123827244437401340e+00,1.019461036311074764e+00,1.726683989286859289e+00,5.836636729483757537e-13,2.137179322403426340e-15
3.889999999999992752e+01,1.123827244437396899e+00,1.019461036311103630e+00,1.726683989286859289e+00,5.602990293951393545e-13,2.248201624865941994e-15
3.894999999999992468e+01,1.123827244437392459e+00,1.019461036311131386e+00,1.726683989286859511e+00,5.378336664918492716e-13,1.915134717478395032e-15
3.899999999999992184e+01,1.123827244437388240e+00,1.019461036311158031e+00,1.726683989286859511e+00,5.162509308931362688e-13,1.859623566247137205e-15
3.904999999999991900e+01,1.123827244437384243e+00,1.019461036311183566e+00,1.726683989286859511e+00,4.955758026170542507e-13,1.915134717478395032e-15
3.909999999999991616e+01,1.123827244437380468e+00,1.019461036311207991e+00,1.726683989286859511e+00,4.758027305484802733e-13,1.998401444325281773e-15
3.914999999999991331e+01,1.123827244437376693e+00,1.019461036311231528e+00,1.726683989286859511e+00,4.567346501005432097e-13,1.915134717478395032e-15
3.919999999999991047e+01,1.123827244437373141e+00,1.019461036311254176e+00,1.726683989286859511e+00,4.383937657337355934e-13,1.915134717478395032e-15
3.924999999999990763e+01,1.123827244437369810e+00,1.019461036311275937e+00,1.726683989286859511e+00,4.207828530056190478e-13,2.026157019940910686e-15
3.929999999999990479e+01,1.123827244437366479e+00,1.019461036311296809e+00,1.726683989286859511e+00,4.038741563405778935e-13,1.970645868709652859e-15
3.934999999999990195e+01,1.123827244437363371e+00,1.019461036311316793e+00,1.726683989286859511e+00,3.876954313142278099e-13,2.026157019940910686e-15
3.939999999999989910e+01,1.123827244437360262e+00,1.019461036311335889e+00,1.726683989286859511e+00,3.722133712358300221e-13,1.859623566247137205e-15
3.944999999999989626e+01,1.123827244437357376e+00,1.019461036311354318e+00,1.726683989286859511e+00,3.572919737848679081e-13,1.859623566247137205e-15
3.949999999999989342e+01,1.123827244437354711e+00,1.019461036311371860e+00,1.726683989286859511e+00,3.430977724150352919e-13,1.998401444325281773e-15
3.954999999999989058e+01,1.123827244437352046e+00,1.019461036311388735e+00,1.726683989286859511e+00,3.294309269818995745e-13,1.998401444325281773e-15
3.959999999999988773e+01,1.123827244437349382e+00,1.019461036311404944e+00,1.726683989286859511e+00,3.162914374854608569e-13,1.831867990631508292e-15
3.964999999999988489e+01,1.123827244437346939e+00,1.019461036311420488e+00,1.726683989286859511e+00,3.037015083862115716e-13,1.831867990631508292e-15
3.969999999999988205e+01,1.123827244437344497e+00,1.019461036311435587e+00,1.726683989286859511e+00,2.914668506548423668e-13,1.693090112553363724e-15
3.974999999999987921e+01,1.123827244437342276e+00,1.019461036311450020e+00,1.726683989286859511e+00,2.797845288782241672e-13,1.804112415015879378e-15
3.979999999999987637e+01,1.123827244437340056e+00,1.019461036311463786e+00,1.726683989286859511e+00,2.686267874807413439e-13,1.693090112553363724e-15
3.984999999999987352e+01,1.123827244437338058e+00,1.019461036311477109e+00,1.726683989286859511e+00,2.578520730267541795e-13,1.831867990631508292e-15
3.989999999999987068e+01,1.123827244437336059e+00,1.019461036311489766e+00,1.726683989286859511e+00,2.475991633943408689e-13,1.831867990631508292e-15
3.994999999999986784e+01,1.123827244437334061e+00,1.019461036311501978e+00,1.726683989286859511e+00,2.377015251298075883e-13,1.693090112553363724e-15
3.999999999999986500e+01,1.123827244437332284e+00,1.019461036311513746e+00,1.726683989286859511e+00,2.281785871360852980e-13,1.831867990631508292e-15
4.004999999999986215e+01,1.123827244437330508e+00,1.019461036311525071e+00,1.726683989286859511e+00,2.190081449526815150e-13,1.831867990631508292e-15
4.009999999999985931e+01,1.123827244437328732e+00,1.019461036311535951e+00,1.726683989286859511e+00,2.101874230220346413e-13,1.693090112553363724e-15
4.014999999999985647e+01,1.123827244437327177e+00,1.019461036311546387e+00,1.726683989286859511e+00,2.017497280348834516e-13,1.831867990631508292e-15
4.019999999999985363e+01,1.123827244437325623e+00,1.019461036311556379e+00,1.726683989286859511e+00,1.936589777429276233e-13,1.859623566247137205e-15
4.024999999999985079e+01,1.123827244437324069e+00,1.019461036311565927e+00,1.726683989286859511e+00,1.859207232612902772e-13,1.804112415015879378e-15
4.029999999999984794e+01,1.123827244437322737e+00,1.019461036311575031e+00,1.726683989286859511e+00,1.785599446080254943e-13,1.970645868709652859e-15
4.034999999999984510e+01,1.123827244437321404e+00,1.019461036311583912e+00,1.726683989286859511e+00,1.713768016387007265e-13,2.026157019940910686e-15
4.039999999999984226e+01,1.123827244437320072e+00,1.019461036311592350e+00,1.726683989286859511e+00,1.645433789221328930e-13,2.026157019940910686e-15
4.044999999999983942e+01,1.123827244437318740e+00,1.019461036311600566e+00,1.726683989286859511e+00,1.578820407743819538e-13,1.970645868709652859e-15
4.049999999999983658e+01,1.123827244437317407e+00,1.019461036311608337e+00,1.726683989286859511e+00,1.515759739945110697e-13,1.804112415015879378e-15
4.054999999999983373e+01,1.123827244437316297e+00,1.019461036311615887e+00,1.726683989286859511e+00,1.454725229166342817e-13,1.915134717478395032e-15
4.059999999999983089e+01,1.123827244437315187e+00,1.019461036311622992e+00,1.726683989286859511e+00,1.397187920915144029e-13,1.915134717478395032e-15
4.064999999999982805e+01,1.123827244437314077e+00,1.019461036311629876e+00,1.726683989286859511e+00,1.341426969503345390e-13,1.859623566247137205e-15
4.069999999999982521e+01,1.123827244437312967e+00,1.019461036311636537e+00,1.726683989286859511e+00,1.287386863779715946e-13,1.804112415015879378e-15
4.074999999999982236e+01,1.123827244437311856e+00,1.019461036311642976e+00,1.726683989286859511e+00,1.235123114895486651e-13,1.665334536937734811e-15
4.079999999999981952e+01,1.123827244437310968e+00,1.019461036311648972e+00,1.726683989286859511e+00,1.186661879870598720e-13,1.748601263784621551e-15
4.084999999999981668e+01,1.123827244437310080e+00,1.019461036311654745e+00,1.726683989286859511e+00,1.139921490533879478e-13,1.748601263784621551e-15
4.089999999999981384e+01,1.123827244437309192e+00,1.019461036311660296e+00,1.726683989286859511e+00,1.094929702460945034e-13,1.693090112553363724e-15
4.094999999999981100e+01,1.123827244437308304e+00,1.019461036311665625e+00,1.726683989286859511e+00,1.051714271227410866e-13,1.665334536937734811e-15
4.099999999999980815e+01,1.123827244437307415e+00,1.019461036311670732e+00,1.726683989286859511e+00,1.010275196833276848e-13,1.526556658859590243e-15
4.104999999999980531e+01,1.123827244437306527e+00,1.019461036311675617e+00,1.726683989286859511e+00,9.705569681273118981e-14,1.360023205165816762e-15
4.109999999999980247e+01,1.123827244437305861e+00,1.019461036311680502e+00,1.726683989286859511e+00,9.311162951775032373e-14,1.498801083243961330e-15
4.114999999999979963e+01,1.123827244437305195e+00,1.019461036311685165e+00,1.726683989286859511e+00,8.934242234914791222e-14,1.637578961322105897e-15
4.119999999999979678e+01,1.123827244437304529e+00,1.019461036311689606e+00,1.726683989286859511e+00,8.575085086448552829e-14,1.637578961322105897e-15
4.124999999999979394e+01,1.123827244437303863e+00,1.019461036311693825e+00,1.726683989286859511e+00,8.233413950620161156e-14,1.665334536937734811e-15
4.129999999999979110e+01,1.123827244437303197e+00,1.019461036311697821e+00,1.726683989286859511e+00,7.909228827429616204e-14,1.582067810090848070e-15
4.134999999999978826e+01,1.123827244437302530e+00,1.019461036311701818e+00,1.726683989286859511e+00,7.585043704239069989e-14,1.526556658859590243e-15
4.139999999999978542e+01,1.123827244437301864e+00,1.019461036311705593e+00,1.726683989286859511e+00,7.278344593686370495e-14,1.415534356397074589e-15
4.144999999999978257e+01,1.123827244437301198e+00,1.019461036311709146e+00,1.726683989286859511e+00,6.989409051527673758e-14,1.249000902703301108e-15
4.149999999999977973e+01,1.123827244437300754e+00,1.019461036311712698e+00,1.726683989286859511e+00,6.702971511174382613e-14,1.471045507628332416e-15
4.154999999999977689e+01,1.123827244437300310e+00,1.019461036311716029e+00,1.726683989286859511e+00,6.434575094971251524e-14,1.526556658859590243e-15
4.159999999999977405e+01,1.123827244437299866e+00,1.019461036311719138e+00,1.726683989286859511e+00,6.183387135649809857e-14,1.637578961322105897e-15
4.164999999999977121e+01,1.123827244437299422e+00,1.019461036311722246e+00,1.726683989286859511e+00,5.932199176328368189e-14,1.665334536937734811e-15
4.169999999999976836e+01,1.123827244437298978e+00,1.019461036311725133e+00,1.726683989286859511e+00,5.698497229644771980e-14,1.693090112553363724e-15
4.174999999999976552e+01,1.123827244437298534e+00,1.019461036311728019e+00,1.726683989286859511e+00,5.464795282961177034e-14,1.693090112553363724e-15
4.179999999999976268e+01,1.123827244437298090e+00,1.019461036311730684e+00,1.726683989286859511e+00,5.248579348915427545e-14,1.665334536937734811e-15
4.184999999999975984e+01,1.123827244437297646e+00,1.019461036311733348e+00,1.726683989286859511e+00,5.032363414869678687e-14,1.637578961322105897e-15
4.189999999999975699e+01,1.123827244437297201e+00,1.019461036311735791e+00,1.726683989286859511e+00,4.833911049217931956e-14,1.526556658859590243e-15
4.194999999999975415e+01,1.123827244437296757e+00,1.019461036311738233e+00,1.726683989286859511e+00,4.635458683566185224e-14,1.471045507628332416e-15
4.199999999999975131e+01,1.123827244437296313e+00,1.019461036311740454e+00,1.726683989286859511e+00,4.454492330552284582e-14,1.304512053934558935e-15
4.204999999999974847e+01,1.123827244437295869e+00,1.019461036311742674e+00,1.726683989286859511e+00,4.273525977538383939e-14,1.165734175856414367e-15
4.209999999999974563e+01,1.123827244437295647e+00,1.019461036311744895e+00,1.726683989286859511e+00,4.095335182086046188e-14,1.360023205165816762e-15
4.214999999999974278e+01,1.123827244437295425e+00,1.019461036311746893e+00,1.726683989286859511e+00,3.934630399271555158e-14,1.498801083243961330e-15
4.219999999999973994e+01,1.123827244437295203e+00,1.019461036311748892e+00,1.726683989286859511e+00,3.773925616457063496e-14,1.637578961322105897e-15
4.224999999999973710e+01,1.123827244437294981e+00,1.019461036311750668e+00,1.726683989286859511e+00,3.630706846280418555e-14,1.693090112553363724e-15
4.229999999999973426e+01,1.123827244437294759e+00,1.019461036311752444e+00,1.726683989286859511e+00,3.487488076103772983e-14,1.804112415015879378e-15
4.234999999999973141e+01,1.123827244437294537e+00,1.019461036311754221e+00,1.726683989286859511e+00,3.344269305927128041e-14,1.859623566247137205e-15
4.239999999999972857e+01,1.123827244437294315e+00,1.019461036311755775e+00,1.726683989286859511e+00,3.218814104144485226e-14,1.915134717478395032e-15
4.244999999999972573e+01,1.123827244437294093e+00,1.019461036311757329e+00,1.726683989286859511e+00,3.093081346605686374e-14,1.970645868709652859e-15
4.249999999999972289e+01,1.123827244437293871e+00,1.019461036311758884e+00,1.726683989286859511e+00,2.967626144823043559e-14,1.998401444325281773e-15
4.254999999999972005e+01,1.123827244437293649e+00,1.019461036311760438e+00,1.726683989286859511e+00,2.841893387284244707e-14,2.026157019940910686e-15
4.259999999999971720e+01,1.123827244437293427e+00,1.019461036311761770e+00,1.726683989286859511e+00,2.734201753895604333e-14,1.998401444325281773e-15
4.264999999999971436e+01,1.123827244437293205e+00,1.019461036311763102e+00,1.726683989286859511e+00,2.625955008994651570e-14,1.998401444325281773e-15
4.269999999999971152e+01,1.123827244437292983e+00,1.019461036311764435e+00,1.726683989286859511e+00,2.517985819849855160e-14,1.970645868709652859e-15
4.274999999999970868e+01,1.123827244437292761e+00,1.019461036311765767e+00,1.726683989286859511e+00,2.410016630705058749e-14,1.970645868709652859e-15
4.279999999999970584e+01,1.123827244437292538e+00,1.019461036311766877e+00,1.726683989286859511e+00,2.319533454198108428e-14,1.859623566247137205e-15
4.284999999999970299e+01,1.123827244437292316e+00,1.019461036311767987e+00,1.726683989286859511e+00,2.228772721935001755e-14,1.804112415015879378e-15
4.289999999999970015e+01,1.123827244437292094e+00,1.019461036311769098e+00,1.726683989286859511e+00,2.138289545428051749e-14,1.748601263784621551e-15
4.294999999999969731e+01,1.123827244437291872e+00,1.019461036311770208e+00,1.726683989286859511e+00,2.047806368921101428e-14,1.665334536937734811e-15
4.299999999999969447e+01,1.123827244437291650e+00,1.019461036311771318e+00,1.726683989286859511e+00,1.957323192414151107e-14,1.582067810090848070e-15
4.304999999999969162e+01,1.123827244437291428e+00,1.019461036311772206e+00,1.726683989286859511e+00,1.884326028545047191e-14,1.471045507628332416e-15
4.309999999999968878e+01,1.123827244437291206e+00,1.019461036311773094e+00,1.726683989286859511e+00,1.811328864675942959e-14,1.332267629550187849e-15
4.314999999999968594e+01,1.123827244437290984e+00,1.019461036311773983e+00,1.726683989286859511e+00,1.738331700806839042e-14,1.193489751472043281e-15
4.319999999999968310e+01,1.123827244437290762e+00,1.019461036311774871e+00,1.726683989286859511e+00,1.665612092693891163e-14,1.082467449009527627e-15
4.324999999999968026e+01,1.123827244437290540e+00,1.019461036311775759e+00,1.726683989286859511e+00,1.592614928824787247e-14,9.992007221626408864e-16
4.329999999999967741e+01,1.123827244437290318e+00,1.019461036311776647e+00,1.726683989286859511e+00,1.519617764955683015e-14,8.604228440844963188e-16
4.334999999999967457e+01,1.123827244437290096e+00,1.019461036311777313e+00,1.726683989286859511e+00,1.464106613724425188e-14,6.938893903907228378e-16
4.339999999999967173e+01,1.123827244437289874e+00,1.019461036311777979e+00,1.726683989286859511e+00,1.408873018249323713e-14,4.996003610813204432e-16
4.344999999999966889e+01,1.123827244437289874e+00,1.019461036311778646e+00,1.726683989286859511e+00,1.356414980335785129e-14,6.661338147750939243e-16
4.349999999999966604e+01,1.123827244437289874e+00,1.019461036311779312e+00,1.726683989286859511e+00,1.303679386666090194e-14,8.326672684688674053e-16
4.354999999999966320e+01,1.123827244437289874e+00,1.019461036311779978e+00,1.726683989286859511e+00,1.250943792996395258e-14,9.714451465470119729e-16
4.359999999999966036e+01,1.123827244437289874e+00,1.019461036311780644e+00,1.726683989286859511e+00,1.198485755082856517e-14,1.137978600240785454e-15
4.364999999999965752e+01,1.123827244437289874e+00,1.019461036311781310e+00,1.726683989286859511e+00,1.145750161413161581e-14,1.304512053934558935e-15
4.369999999999965468e+01,1.123827244437289874e+00,1.019461036311781976e+00,1.726683989286859511e+00,1.093014567743466646e-14,1.471045507628332416e-15
4.374999999999965183e+01,1.123827244437289874e+00,1.019461036311782420e+00,1.726683989286859511e+00,1.058042542467774309e-14,1.526556658859590243e-15
4.379999999999964899e+01,1.123827244437289874e+00,1.019461036311782864e+00,1.726683989286859511e+00,1.022792961435925463e-14,1.665334536937734811e-15
4.384999999999964615e+01,1.123827244437289874e+00,1.019461036311783309e+00,1.726683989286859511e+00,9.878209361602331265e-15,1.748601263784621551e-15
4.389999999999964331e+01,1.123827244437289874e+00,1.019461036311783753e+00,1.726683989286859511e+00,9.528489108845406324e-15,1.859623566247137205e-15
4.394999999999964047e+01,1.123827244437289874e+00,1.019461036311784197e+00,1.726683989286859511e+00,9.175993298526919438e-15,1.970645868709652859e-15
4.399999999999963762e+01,1.123827244437289874e+00,1.019461036311784641e+00,1.726683989286859511e+00,8.826273045769994496e-15,2.081668171172168513e-15
4.404999999999963478e+01,1.123827244437289874e+00,1.019461036311785085e+00,1.726683989286859511e+00,8.473777235451507610e-15,2.164934898019055254e-15
4.409999999999963194e+01,1.123827244437289874e+00,1.019461036311785529e+00,1.726683989286859511e+00,8.124056982694582669e-15,2.248201624865941994e-15
4.414999999999962910e+01,1.123827244437289874e+00,1.019461036311785973e+00,1.726683989286859733e+00,7.790990075307035707e-15,2.053912595556539600e-15
4.419999999999962625e+01,1.123827244437289874e+00,1.019461036311786417e+00,1.726683989286859733e+00,7.441269822550112343e-15,2.192690473634684167e-15
4.424999999999962341e+01,1.123827244437289874e+00,1.019461036311786861e+00,1.726683989286859733e+00,7.088774012231624668e-15,2.275957200481570908e-15
4.429999999999962057e+01,1.123827244437289874e+00,1.019461036311787305e+00,1.726683989286859955e+00,6.758482662405640440e-15,2.109423746787797427e-15
4.434999999999961773e+01,1.123827244437289874e+00,1.019461036311787749e+00,1.726683989286859955e+00,6.408762409648716287e-15,2.220446049250313081e-15
4.439999999999961489e+01,1.123827244437289874e+00,1.019461036311787971e+00,1.726683989286859955e+00,6.231126725708691083e-15,2.248201624865941994e-15
4.444999999999961204e+01,1.123827244437289874e+00,1.019461036311788193e+00,1.726683989286860177e+00,6.081246617384295581e-15,2.026157019940910686e-15
4.449999999999960920e+01,1.123827244437289874e+00,1.019461036311788416e+00,1.726683989286860177e+00,5.903610933444270377e-15,2.137179322403426340e-15
4.454999999999960636e+01,1.123827244437289874e+00,1.019461036311788638e+00,1.726683989286860177e+00,5.728750807065807906e-15,2.164934898019055254e-15
4.459999999999960352e+01,1.123827244437289874e+00,1.019461036311788860e+00,1.726683989286860177e+00,5.553890680687346225e-15,2.192690473634684167e-15
4.464999999999960067e+01,1.123827244437289874e+00,1.019461036311789082e+00,1.726683989286860177e+00,5.379030554308883754e-15,2.248201624865941994e-15
4.469999999999959783e+01,1.123827244437289874e+00,1.019461036311789304e+00,1.726683989286860399e+00,5.226374888422924730e-15,2.053912595556539600e-15
4.474999999999959499e+01,1.123827244437289874e+00,1.019461036311789526e+00,1.726683989286860399e+00,5.048739204482899525e-15,2.081668171172168513e-15
4.479999999999959215e+01,1.123827244437289874e+00,1.019461036311789748e+00,1.726683989286860399e+00,4.873879078104437844e-15,2.137179322403426340e-15
4.484999999999958931e+01,1.123827244437289874e+00,1.019461036311789970e+00,1.726683989286860399e+00,4.699018951725975373e-15,2.192690473634684167e-15
4.489999999999958646e+01,1.123827244437289874e+00,1.019461036311790192e+00,1.726683989286860399e+00,4.524158825347512902e-15,2.248201624865941994e-15
4.494999999999958362e+01,1.123827244437289874e+00,1.019461036311790414e+00,1.726683989286860621e+00,4.368727601899991144e-15,2.026157019940910686e-15
4.499999999999958078e+01,1.123827244437289874e+00,1.019461036311790636e+00,1.726683989286860621e+00,4.193867475521528674e-15,2.081668171172168513e-15
4.504999999999957794e+01,1.123827244437289874e+00,1.019461036311790858e+00,1.726683989286860621e+00,4.019007349143066992e-15,2.137179322403426340e-15
4.509999999999957510e+01,1.123827244437289874e+00,1.019461036311791080e+00,1.726683989286860621e+00,3.844147222764604521e-15,2.192690473634684167e-15
4.514999999999957225e+01,1.123827244437289874e+00,1.019461036311791302e+00,1.726683989286860621e+00,3.669287096386142839e-15,2.248201624865941994e-15
4.519999999999956941e+01,1.123827244437289874e+00,1.019461036311791524e+00,1.726683989286860843e+00,3.516631430500183421e-15,2.026157019940910686e-15
4.524999999999956657e+01,1.123827244437289874e+00,1.019461036311791746e+00,1.726683989286860843e+00,3.341771304121721344e-15,2.053912595556539600e-15
4.529999999999956373e+01,1.123827244437289874e+00,1.019461036311791968e+00,1.726683989286860843e+00,3.166911177743259268e-15,2.109423746787797427e-15
4.534999999999956088e+01,1.123827244437289874e+00,1.019461036311792190e+00,1.726683989286860843e+00,2.989275493803234064e-15,2.192690473634684167e-15
4.539999999999955804e+01,1.123827244437289874e+00,1.019461036311792412e+00,1.726683989286860843e+00,2.814415367424771988e-15,2.220446049250313081e-15
4.544999999999955520e+01,1.123827244437289874e+00,1.019461036311792634e+00,1.726683989286860843e+00,2.639555241046309912e-15,2.275957200481570908e-15
4.549999999999955236e+01,1.123827244437289874e+00,1.019461036311792856e+00,1.726683989286861065e+00,2.486899575160350887e-15,2.053912595556539600e-15
4.554999999999954952e+01,1.123827244437289874e+00,1.019461036311793078e+00,1.726683989286861065e+00,2.309263891220325683e-15,2.081668171172168513e-15
4.559999999999954667e+01,1.123827244437289874e+00,1.019461036311793301e+00,1.726683989286861065e+00,2.134403764841863607e-15,2.137179322403426340e-15
4.564999999999954383e+01,1.123827244437289874e+00,1.019461036311793301e+00,1.726683989286861065e+00,2.134403764841863607e-15,2.137179322403426340e-15
4.569999999999954099e+01,1.123827244437289874e+00,1.019461036311793301e+00,1.726683989286861065e+00,2.134403764841863607e-15,2.137179322403426340e-15
4.574999999999953815e+01,1.123827244437289874e+00,1.019461036311793301e+00,1.726683989286861065e+00,2.134403764841863607e-15,2.137179322403426340e-15
4.579999999999953531e+01,1.123827244437289874e+00,1.019461036311793301e+00,1.726683989286861065e+00,2.134403764841863607e-15,2.137179322403426340e-15
4.584999999999953246e+01,1.123827244437289874e+00,1.019461036311793301e+00,1.726683989286861065e+00,2.134403764841863607e-15,2.137179322403426340e-15
4.589999999999952962e+01,1.123827244437289874e+00,1.019461036311793301e+00,1.726683989286861065e+00,2.134403764841863607e-15,2.137179322403426340e-15
4.594999999999952678e+01,1.123827244437289874e+00,1.019461036311793301e+00,1.726683989286861065e+00,2.134403764841863607e-15,2.137179322403426340e-15
4.599999999999952394e+01,1.123827244437289874e+00,1.019461036311793301e+00,1.726683989286861065e+00,2.134403764841863607e-15,2.137179322403426340e-15
4.604999999999952109e+01,1.123827244437289874e+00,1.019461036311793301e+00,1.726683989286861065e+00,2.134403764841863607e-15,2.137179322403426340e-15
4.609999999999951825e+01,1.123827244437289874e+00,1.019461036311793301e+00,1.726683989286861065e+00,2.134403764841863607e-15,2.137179322403426340e-15
4.614999999999951541e+01,1.123827244437289874e+00,1.019461036311793301e+00,1.726683989286861065e+00,2.134403764841863607e-15,2.137179322403426340e-15
4.619999999999951257e+01,1.123827244437289874e+00,1.019461036311793301e+00,1.726683989286861065e+00,2.134403764841863607e-15,2.137179322403426340e-15
4.624999999999950973e+01,1.123827244437289874e+00,1.019461036311793301e+00,1.726683989286861065e+00,2.134403764841863607e-15,2.137179322403426340e-15
4.629999999999950688e+01,1.123827244437289874e+00,1.019461036311793301e+00,1.726683989286861065e+00,2.134403764841863607e-15,2.137179322403426340e-15
4.634999999999950404e+01,1.123827244437289874e+00,1.019461036311793301e+00,1.726683989286861065e+00,2.134403764841863607e-15,2.137179322403426340e-15
4.639999999999950120e+01,1.123827244437289874e+00,1.019461036311793301e+00,1.726683989286861065e+00,2.134403764841863607e-15,2.137179322403426340e-15
4.644999999999949836e+01,1.123827244437289874e+00,1.019461036311793301e+00,1.726683989286861065e+00,2.134403764841863607e-15,2.137179322403426340e-15
4.649999999999949551e+01,1.123827244437289874e+00,1.019461036311793301e+00,1.726683989286861065e+00,2.134403764841863607e-15,2.137179322403426340e-15
4.654999999999949267e+01,1.123827244437289874e+00,1.019461036311793301e+00,1.726683989286861065e+00,2.134403764841863607e-15,2.137179322403426340e-15
4.659999999999948983e+01,1.123827244437289874e+00,1.019461036311793301e+00,1.726683989286861065e+00,2.134403764841863607e-15,2.137179322403426340e-15
4.664999999999948699e+01,1.123827244437289874e+00,1.019461036311793301e+00,1.726683989286861065e+00,2.134403764841863607e-15,2.137179322403426340e-15
4.669999999999948415e+01,1.123827244437289874e+00,1.019461036311793301e+00,1.726683989286861065e+00,2.134403764841863607e-15,2.137179322403426340e-15
4.674999999999948130e+01,1.123827244437289874e+00,1.019461036311793301e+00,1.726683989286861065e+00,2.134403764841863607e-15,2.137179322403426340e-15
4.679999999999947846e+01,1.123827244437289874e+00,1.019461036311793301e+00,1.726683989286861065e+00,2.134403764841863607e-15,2.137179322403426340e-15
4.684999999999947562e+01,1.123827244437289874e+00,1.019461036311793301e+00,1.726683989286861065e+00,2.134403764841863607e-15,2.137179322403426340e-15
4.689999999999947278e+01,1.123827244437289874e+00,1.019461036311793301e+00,1.726683989286861065e+00,2.134403764841863607e-15,2.137179322403426340e-15
4.694999999999946994e+01,1.123827244437289874e+00,1.019461036311793301e+00,1.726683989286861065e+00,2.134403764841863607e-15,2.137179322403426340e-15
4.699999999999946709e+01,1.123827244437289874e+00,1.019461036311793301e+00,1.726683989286861065e+00,2.134403764841863607e-15,2.137179322403426340e-15
4.704999999999946425e+01,1.123827244437289874e+00,1.019461036311793301e+00,1.726683989286861065e+00,2.134403764841863607e-15,2.137179322403426340e-15
4.709999999999946141e+01,1.123827244437289874e+00,1.019461036311793301e+00,1.726683989286861065e+00,2.134403764841863607e-15,2.137179322403426340e-15
4.714999999999945857e+01,1.123827244437289874e+00,1.019461036311793301e+00,1.726683989286861065e+00,2.134403764841863607e-15,2.137179322403426340e-15
4.719999999999945572e+01,1.123827244437289874e+00,1.019461036311793301e+00,1.726683989286861065e+00,2.134403764841863607e-15,2.137179322403426340e-15
4.724999999999945288e+01,1.123827244437289874e+00,1.019461036311793301e+00,1.726683989286861065e+00,2.134403764841863607e-15,2.137179322403426340e-15
4.729999999999945004e+01,1.123827244437289874e+00,1.019461036311793301e+00,1.726683989286861065e+00,2.134403764841863607e-15,2.137179322403426340e-15
4.734999999999944720e+01,1.123827244437289874e+00,1.019461036311793301e+00,1.726683989286861065e+00,2.134403764841863607e-15,2.137179322403426340e-15
4.739999999999944436e+01,1.123827244437289874e+00,1.019461036311793301e+00,1.726683989286861065e+00,2.134403764841863607e-15,2.137179322403426340e-15
4.744999999999944151e+01,1.123827244437289874e+00,1.019461036311793301e+00,1.726683989286861065e+00,2.134403764841863607e-15,2.137179322403426340e-15
4.749999999999943867e+01,1.123827244437289874e+00,1.019461036311793301e+00,1.726683989286861065e+00,2.134403764841863607e-15,2.137179322403426340e-15
4.754999999999943583e+01,1.123827244437289874e+00,1.019461036311793301e+00,1.726683989286861065e+00,2.134403764841863607e-15,2.137179322403426340e-15
4.759999999999943299e+01,1.123827244437289874e+00,1.019461036311793301e+00,1.726683989286861065e+00,2.134403764841863607e-15,2.137179322403426340e-15
4.764999999999943014e+01,1.123827244437289874e+00,1.019461036311793301e+00,1.726683989286861065e+00,2.134403764841863607e-15,2.137179322403426340e-15
4.769999999999942730e+01,1.123827244437289874e+00,1.019461036311793301e+00,1.726683989286861065e+00,2.134403764841863607e-15,2.137179322403426340e-15
4.774999999999942446e+01,1.123827244437289874e+00,1.019461036311793301e+00,1.726683989286861065e+00,2.134403764841863607e-15,2.137179322403426340e-15
4.779999999999942162e+01,1.123827244437289874e+00,1.019461036311793301e+00,1.726683989286861065e+00,2.134403764841863607e-15,2.137179322403426340e-15
4.784999999999941878e+01,1.123827244437289874e+00,1.019461036311793301e+00,1.726683989286861065e+00,2.134403764841863607e-15,2.137179322403426340e-15
4.789999999999941593e+01,1.123827244437289874e+00,1.019461036311793301e+00,1.726683989286861065e+00,2.134403764841863607e-15,2.137179322403426340e-15
4.794999999999941309e+01,1.123827244437289874e+00,1.019461036311793301e+00,1.726683989286861065e+00,2.134403764841863607e-15,2.137179322403426340e-15
4.799999999999941025e+01,1.123827244437289874e+00,1.019461036311793301e+00,1.726683989286861065e+00,2.134403764841863607e-15,2.137179322403426340e-15
4.804999999999940741e+01,1.123827244437289874e+00,1.019461036311793301e+00,1.726683989286861065e+00,2.134403764841863607e-15,2.137179322403426340e-15
4.809999999999940457e+01,1.123827244437289874e+00,1.019461036311793301e+00,1.726683989286861065e+00,2.134403764841863607e-15,2.137179322403426340e-15
4.814999999999940172e+01,1.123827244437289874e+00,1.019461036311793301e+00,1.726683989286861065e+00,2.134403764841863607e-15,2.137179322403426340e-15
4.819999999999939888e+01,1.123827244437289874e+00,1.019461036311793301e+00,1.726683989286861065e+00,2.134403764841863607e-15,2.137179322403426340e-15
4.824999999999939604e+01,1.123827244437289874e+00,1.019461036311793301e+00,1.726683989286861065e+00,2.134403764841863607e-15,2.137179322403426340e-15
4.829999999999939320e+01,1.123827244437289874e+00,1.019461036311793301e+00,1.726683989286861065e+00,2.134403764841863607e-15,2.137179322403426340e-15
4.834999999999939035e+01,1.123827244437289874e+00,1.019461036311793301e+00,1.726683989286861065e+00,2.134403764841863607e-15,2.137179322403426340e-15
4.839999999999938751e+01,1.123827244437289874e+00,1.019461036311793301e+00,1.726683989286861065e+00,2.134403764841863607e-15,2.137179322403426340e-15
4.844999999999938467e+01,1.123827244437289874e+00,1.019461036311793301e+00,1.726683989286861065e+00,2.134403764841863607e-15,2.137179322403426340e-15
4.849999999999938183e+01,1.123827244437289874e+00,1.019461036311793301e+00,1.726683989286861065e+00,2.134403764841863607e-15,2.137179322403426340e-15
4.854999999999937899e+01,1.123827244437289874e+00,1.019461036311793301e+00,1.726683989286861065e+00,2.134403764841863607e-15,2.137179322403426340e-15
4.859999999999937614e+01,1.123827244437289874e+00,1.019461036311793301e+00,1.726683989286861065e+00,2.134403764841863607e-15,2.137179322403426340e-15
4.864999999999937330e+01,1.123827244437289874e+00,1.019461036311793301e+00,1.726683989286861065e+00,2.134403764841863607e-15,2.137179322403426340e-15
4.869999999999937046e+01,1.123827244437289874e+00,1.019461036311793301e+00,1.726683989286861065e+00,2.134403764841863607e-15,2.137179322403426340e-15
4.874999999999936762e+01,1.123827244437289874e+00,1.019461036311793301e+00,1.726683989286861065e+00,2.134403764841863607e-15,2.137179322403426340e-15
4.879999999999936477e+01,1.123827244437289874e+00,1.019461036311793301e+00,1.726683989286861065e+00,2.134403764841863607e-15,2.137179322403426340e-15
4.884999999999936193e+01,1.123827244437289874e+00,1.019461036311793301e+00,1.726683989286861065e+00,2.134403764841863607e-15,2.137179322403426340e-15
4.889999999999935909e+01,1.123827244437289874e+00,1.019461036311793301e+00,1.726683989286861065e+00,2.134403764841863607e-15,2.137179322403426340e-15
4.894999999999935625e+01,1.123827244437289874e+00,1.019461036311793301e+00,1.726683989286861065e+00,2.134403764841863607e-15,2.137179322403426340e-15
4.899999999999935341e+01,1.123827244437289874e+00,1.019461036311793301e+00,1.726683989286861065e+00,2.134403764841863607e-15,2.137179322403426340e-15
4.904999999999935056e+01,1.123827244437289874e+00,1.019461036311793301e+00,1.726683989286861065e+00,2.134403764841863607e-15,2.137179322403426340e-15
4.909999999999934772e+01,1.123827244437289874e+00,1.019461036311793301e+00,1.726683989286861065e+00,2.134403764841863607e-15,2.137179322403426340e-15
4.914999999999934488e+01,1.123827244437289874e+00,1.019461036311793301e+00,1.726683989286861065e+00,2.134403764841863607e-15,2.137179322403426340e-15
4.919999999999934204e+01,1.123827244437289874e+00,1.019461036311793301e+00,1.726683989286861065e+00,2.134403764841863607e-15,2.137179322403426340e-15
4.924999999999933920e+01,1.123827244437289874e+00,1.019461036311793301e+00,1.726683989286861065e+00,2.134403764841863607e-15,2.137179322403426340e-15
4.929999999999933635e+01,1.123827244437289874e+00,1.019461036311793301e+00,1.726683989286861065e+00,2.134403764841863607e-15,2.137179322403426340e-15
4.934999999999933351e+01,1.123827244437289874e+00,1.019461036311793301e+00,1.726683989286861065e+00,2.134403764841863607e-15,2.137179322403426340e-15
4.939999999999933067e+01,1.123827244437289874e+00,1.019461036311793301e+00,1.726683989286861065e+00,2.134403764841863607e-15,2.137179322403426340e-15
4.944999999999932783e+01,1.123827244437289874e+00,1.019461036311793301e+00,1.726683989286861065e+00,2.134403764841863607e-15,2.137179322403426340e-15
4.949999999999932498e+01,1.123827244437289874e+00,1.019461036311793301e+00,1.726683989286861065e+00,2.134403764841863607e-15,2.137179322403426340e-15
4.954999999999932214e+01,1.123827244437289874e+00,1.019461036311793301e+00,1.726683989286861065e+00,2.134403764841863607e-15,2.137179322403426340e-15
4.959999999999931930e+01,1.123827244437289874e+00,1.019461036311793301e+00,1.726683989286861065e+00,2.134403764841863607e-15,2.137179322403426340e-15
4.964999999999931646e+01,1.123827244437289874e+00,1.019461036311793301e+00,1.726683989286861065e+00,2.134403764841863607e-15,2.137179322403426340e-15
4.969999999999931362e+01,1.123827244437289874e+00,1.019461036311793301e+00,1.726683989286861065e+00,2.134403764841863607e-15,2.137179322403426340e-15
4.974999999999931077e+01,1.123827244437289874e+00,1.019461036311793301e+00,1.726683989286861065e+00,2.134403764841863607e-15,2.137179322403426340e-15
4.979999999999930793e+01,1.123827244437289874e+00,1.019461036311793301e+00,1.726683989286861065e+00,2.134403764841863607e-15,2.137179322403426340e-15
4.984999999999930509e+01,1.123827244437289874e+00,1.019461036311793301e+00,1.726683989286861065e+00,2.134403764841863607e-15,2.137179322403426340e-15
4.989999999999930225e+01,1.123827244437289874e+00,1.019461036311793301e+00,1.726683989286861065e+00,2.134403764841863607e-15,2.137179322403426340e-15
4.994999999999929940e+01,1.123827244437289874e+00,1.019461036311793301e+00,1.726683989286861065e+00,2.134403764841863607e-15,2.137179322403426340e-15
4.999999999999929656e+01,1.123827244437289874e+00,1.019461036311793301e+00,1.726683989286861065e+00,2.134403764841863607e-15,2.137179322403426340e-15
5.004999999999929372e+01,1.123827244437289874e+00,1.019461036311793301e+00,1.726683989286861065e+00,2.134403764841863607e-15,2.137179322403426340e-15
5.009999999999929088e+01,1.123827244437289874e+00,1.019461036311793301e+00,1.726683989286861065e+00,2.134403764841863607e-15,2.137179322403426340e-15
5.014999999999928804e+01,1.123827244437289874e+00,1.019461036311793301e+00,1.726683989286861065e+00,2.134403764841863607e-15,2.137179322403426340e-15
5.019999999999928519e+01,1.123827244437289874e+00,1.019461036311793301e+00,1.726683989286861065e+00,2.134403764841863607e-15,2.137179322403426340e-15
5.024999999999928235e+01,1.123827244437289874e+00,1.019461036311793301e+00,1.726683989286861065e+00,2.134403764841863607e-15,2.137179322403426340e-15
5.029999999999927951e+01,1.123827244437289874e+00,1.019461036311793301e+00,1.726683989286861065e+00,2.134403764841863607e-15,2.137179322403426340e-15
5.034999999999927667e+01,1.123827244437289874e+00,1.019461036311793301e+00,1.726683989286861065e+00,2.134403764841863607e-15,2.137179322403426340e-15
5.039999999999927383e+01,1.123827244437289874e+00,1.019461036311793301e+00,1.726683989286861065e+00,2.134403764841863607e-15,2.137179322403426340e-15
5.044999999999927098e+01,1.123827244437289874e+00,1.019461036311793301e+00,1.726683989286861065e+00,2.134403764841863607e-15,2.137179322403426340e-15
5.049999999999926814e+01,1.123827244437289874e+00,1.019461036311793301e+00,1.726683989286861065e+00,2.134403764841863607e-15,2.137179322403426340e-15
5.054999999999926530e+01,1.123827244437289874e+00,1.019461036311793301e+00,1.726683989286861065e+00,2.134403764841863607e-15,2.137179322403426340e-15
5.059999999999926246e+01,1.123827244437289874e+00,1.019461036311793301e+00,1.726683989286861065e+00,2.134403764841863607e-15,2.137179322403426340e-15
5.064999999999925961e+01,1.123827244437289874e+00,1.019461036311793301e+00,1.726683989286861065e+00,2.134403764841863607e-15,2.137179322403426340e-15
5.069999999999925677e+01,1.123827244437289874e+00,1.019461036311793301e+00,1.726683989286861065e+00,2.134403764841863607e-15,2.137179322403426340e-15
5.074999999999925393e+01,1.123827244437289874e+00,1.019461036311793301e+00,1.726683989286861065e+00,2.134403764841863607e-15,2.137179322403426340e-15
5.079999999999925109e+01,1.123827244437289874e+00,1.019461036311793301e+00,1.726683989286861065e+00,2.134403764841863607e-15,2.137179322403426340e-15
5.084999999999924825e+01,1.123827244437289874e+00,1.019461036311793301e+00,1.726683989286861065e+00,2.134403764841863607e-15,2.137179322403426340e-15
5.089999999999924540e+01,1.123827244437289874e+00,1.019461036311793301e+00,1.726683989286861065e+00,2.134403764841863607e-15,2.137179322403426340e-15
5.094999999999924256e+01,1.123827244437289874e+00,1.019461036311793301e+00,1.726683989286861065e+00,2.134403764841863607e-15,2.137179322403426340e-15
5.099999999999923972e+01,1.123827244437289874e+00,1.019461036311793301e+00,1.726683989286861065e+00,2.134403764841863607e-15,2.137179322403426340e-15
5.104999999999923688e+01,1.123827244437289874e+00,1.019461036311793301e+00,1.726683989286861065e+00,2.134403764841863607e-15,2.137179322403426340e-15
5.109999999999923403e+01,1.123827244437289874e+00,1.019461036311793301e+00,1.726683989286861065e+00,2.134403764841863607e-15,2.137179322403426340e-15
5.114999999999923119e+01,1.123827244437289874e+00,1.019461036311793301e+00,1.726683989286861065e+00,2.134403764841863607e-15,2.137179322403426340e-15
5.119999999999922835e+01,1.123827244437289874e+00,1.019461036311793301e+00,1.726683989286861065e+00,2.134403764841863607e-15,2.137179322403426340e-15
5.124999999999922551e+01,1.123827244437289874e+00,1.019461036311793301e+00,1.726683989286861065e+00,2.134403764841863607e-15,2.137179322403426340e-15
5.129999999999922267e+01,1.123827244437289874e+00,1.019461036311793301e+00,1.726683989286861065e+00,2.134403764841863607e-15,2.137179322403426340e-15
5.134999999999921982e+01,1.123827244437289874e+00,1.019461036311793301e+00,1.726683989286861065e+00,2.134403764841863607e-15,2.137179322403426340e-15
5.139999999999921698e+01,1.123827244437289874e+00,1.019461036311793301e+00,1.726683989286861065e+00,2.134403764841863607e-15,2.137179322403426340e-15
5.144999999999921414e+01,1.123827244437289874e+00,1.019461036311793301e+00,1.726683989286861065e+00,2.134403764841863607e-15,2.137179322403426340e-15
5.149999999999921130e+01,1.123827244437289874e+00,1.019461036311793301e+00,1.726683989286861065e+00,2.134403764841863607e-15,2.137179322403426340e-15
5.154999999999920846e+01,1.123827244437289874e+00,1.019461036311793301e+00,1.726683989286861065e+00,2.134403764841863607e-15,2.137179322403426340e-15
5.159999999999920561e+01,1.123827244437289874e+00,1.019461036311793301e+00,1.726683989286861065e+00,2.134403764841863607e-15,2.137179322403426340e-15
5.164999999999920277e+01,1.123827244437289874e+00,1.019461036311793301e+00,1.726683989286861065e+00,2.134403764841863607e-15,2.137179322403426340e-15
5.169999999999919993e+01,1.123827244437289874e+00,1.019461036311793301e+00,1.726683989286861065e+00,2.134403764841863607e-15,2.137179322403426340e-15
5.174999999999919709e+01,1.123827244437289874e+00,1.019461036311793301e+00,1.726683989286861065e+00,2.134403764841863607e-15,2.137179322403426340e-15
5.179999999999919424e+01,1.123827244437289874e+00,1.019461036311793301e+00,1.726683989286861065e+00,2.134403764841863607e-15,2.137179322403426340e-15
5.184999999999919140e+01,1.123827244437289874e+00,1.019461036311793301e+00,1.726683989286861065e+00,2.134403764841863607e-15,2.137179322403426340e-15
5.189999999999918856e+01,1.123827244437289874e+00,1.019461036311793301e+00,1.726683989286861065e+00,2.134403764841863607e-15,2.137179322403426340e-15
5.194999999999918572e+01,1.123827244437289874e+00,1.019461036311793301e+00,1.726683989286861065e+00,2.134403764841863607e-15,2.137179322403426340e-15
5.199999999999918288e+01,1.123827244437289874e+00,1.019461036311793301e+00,1.726683989286861065e+00,2.134403764841863607e-15,2.137179322403426340e-15
5.204999999999918003e+01,1.123827244437289874e+00,1.019461036311793301e+00,1.726683989286861065e+00,2.134403764841863607e-15,2.137179322403426340e-15
5.209999999999917719e+01,1.123827244437289874e+00,1.019461036311793301e+00,1.726683989286861065e+00,2.134403764841863607e-15,2.137179322403426340e-15
5.214999999999917435e+01,1.123827244437289874e+00,1.019461036311793301e+00,1.726683989286861065e+00,2.134403764841863607e-15,2.137179322403426340e-15
5.219999999999917151e+01,1.123827244437289874e+00,1.019461036311793301e+00,1.726683989286861065e+00,2.134403764841863607e-15,2.137179322403426340e-15
5.224999999999916866e+01,1.123827244437289874e+00,1.019461036311793301e+00,1.726683989286861065e+00,2.134403764841863607e-15,2.137179322403426340e-15
5.229999999999916582e+01,1.123827244437289874e+00,1.019461036311793301e+00,1.726683989286861065e+00,2.134403764841863607e-15,2.137179322403426340e-15
5.234999999999916298e+01,1.123827244437289874e+00,1.019461036311793301e+00,1.726683989286861065e+00,2.134403764841863607e-15,2.137179322403426340e-15
5.239999999999916014e+01,1.123827244437289874e+00,1.019461036311793301e+00,1.726683989286861065e+00,2.134403764841863607e-15,2.137179322403426340e-15
5.244999999999915730e+01,1.123827244437289874e+00,1.019461036311793301e+00,1.726683989286861065e+00,2.134403764841863607e-15,2.137179322403426340e-15
5.249999999999915445e+01,1.123827244437289874e+00,1.019461036311793301e+00,1.726683989286861065e+00,2.134403764841863607e-15,2.137179322403426340e-15
5.254999999999915161e+01,1.123827244437289874e+00,1.019461036311793301e+00,1.726683989286861065e+00,2.134403764841863607e-15,2.137179322403426340e-15
5.259999999999914877e+01,1.123827244437289874e+00,1.019461036311793301e+00,1.726683989286861065e+00,2.134403764841863607e-15,2.137179322403426340e-15
5.264999999999914593e+01,1.123827244437289874e+00,1.019461036311793301e+00,1.726683989286861065e+00,2.134403764841863607e-15,2.137179322403426340e-15
5.269999999999914309e+01,1.123827244437289874e+00,1.019461036311793301e+00,1.726683989286861065e+00,2.134403764841863607e-15,2.137179322403426340e-15
5.274999999999914024e+01,1.123827244437289874e+00,1.019461036311793301e+00,1.726683989286861065e+00,2.134403764841863607e-15,2.137179322403426340e-15
5.279999999999913740e+01,1.123827244437289874e+00,1.019461036311793301e+00,1.726683989286861065e+00,2.134403764841863607e-15,2.137179322403426340e-15
5.284999999999913456e+01,1.123827244437289874e+00,1.019461036311793301e+00,1.726683989286861065e+00,2.134403764841863607e-15,2.137179322403426340e-15
5.289999999999913172e+01,1.123827244437289874e+00,1.019461036311793301e+00,1.726683989286861065e+00,2.134403764841863607e-15,2.137179322403426340e-15
5.294999999999912887e+01,1.123827244437289874e+00,1.019461036311793301e+00,1.726683989286861065e+00,2.134403764841863607e-15,2.137179322403426340e-15
5.299999999999912603e+01,1.123827244437289874e+00,1.019461036311793301e+00,1.726683989286861065e+00,2.134403764841863607e-15,2.137179322403426340e-15
5.304999999999912319e+01,1.123827244437289874e+00,1.019461036311793301e+00,1.726683989286861065e+00,2.134403764841863607e-15,2.137179322403426340e-15
5.309999999999912035e+01,1.123827244437289874e+00,1.019461036311793301e+00,1.726683989286861065e+00,2.134403764841863607e-15,2.137179322403426340e-15
5.314999999999911751e+01,1.123827244437289874e+00,1.019461036311793301e+00,1.726683989286861065e+00,2.134403764841863607e-15,2.137179322403426340e-15
5.319999999999911466e+01,1.123827244437289874e+00,1.019461036311793301e+00,1.726683989286861065e+00,2.134403764841863607e-15,2.137179322403426340e-15
5.324999999999911182e+01,1.123827244437289874e+00,1.019461036311793301e+00,1.726683989286861065e+00,2.134403764841863607e-15,2.137179322403426340e-15
5.329999999999910898e+01,1.123827244437289874e+00,1.019461036311793301e+00,1.726683989286861065e+00,2.134403764841863607e-15,2.137179322403426340e-15
5.334999999999910614e+01,1.123827244437289874e+00,1.019461036311793301e+00,1.726683989286861065e+00,2.134403764841863607e-15,2.137179322403426340e-15
5.339999999999910330e+01,1.123827244437289874e+00,1.019461036311793301e+00,1.726683989286861065e+00,2.134403764841863607e-15,2.137179322403426340e-15
5.344999999999910045e+01,1.123827244437289874e+00,1.019461036311793301e+00,1.726683989286861065e+00,2.134403764841863607e-15,2.137179322403426340e-15
5.349999999999909761e+01,1.123827244437289874e+00,1.019461036311793301e+00,1.726683989286861065e+00,2.134403764841863607e-15,2.137179322403426340e-15
5.354999999999909477e+01,1.123827244437289874e+00,1.019461036311793301e+00,1.726683989286861065e+00,2.134403764841863607e-15,2.137179322403426340e-15
5.359999999999909193e+01,1.123827244437289874e+00,1.019461036311793301e+00,1.726683989286861065e+00,2.134403764841863607e-15,2.137179322403426340e-15
5.364999999999908908e+01,1.123827244437289874e+00,1.019461036311793301e+00,1.726683989286861065e+00,2.134403764841863607e-15,2.137179322403426340e-15
5.369999999999908624e+01,1.123827244437289874e+00,1.019461036311793301e+00,1.726683989286861065e+00,2.134403764841863607e-15,2.137179322403426340e-15
5.374999999999908340e+01,1.123827244437289874e+00,1.019461036311793301e+00,1.726683989286861065e+00,2.134403764841863607e-15,2.137179322403426340e-15
5.379999999999908056e+01,1.123827244437289874e+00,1.019461036311793301e+00,1.726683989286861065e+00,2.134403764841863607e-15,2.137179322403426340e-15
5.384999999999907772e+01,1.123827244437289874e+00,1.019461036311793301e+00,1.726683989286861065e+00,2.134403764841863607e-15,2.137179322403426340e-15
5.389999999999907487e+01,1.123827244437289874e+00,1.019461036311793301e+00,1.726683989286861065e+00,2.134403764841863607e-15,2.137179322403426340e-15
5.394999999999907203e+01,1.123827244437289874e+00,1.019461036311793301e+00,1.726683989286861065e+00,2.134403764841863607e-15,2.137179322403426340e-15
5.399999999999906919e+01,1.123827244437289874e+00,1.019461036311793301e+00,1.726683989286861065e+00,2.134403764841863607e-15,2.137179322403426340e-15
5.404999999999906635e+01,1.123827244437289874e+00,1.019461036311793301e+00,1.726683989286861065e+00,2.134403764841863607e-15,2.137179322403426340e-15
5.409999999999906350e+01,1.123827244437289874e+00,1.019461036311793301e+00,1.726683989286861065e+00,2.134403764841863607e-15,2.137179322403426340e-15
5.414999999999906066e+01,1.123827244437289874e+00,1.019461036311793301e+00,1.726683989286861065e+00,2.134403764841863607e-15,2.137179322403426340e-15
5.419999999999905782e+01,1.123827244437289874e+00,1.019461036311793301e+00,1.726683989286861065e+00,2.134403764841863607e-15,2.137179322403426340e-15
5.424999999999905498e+01,1.123827244437289874e+00,1.019461036311793301e+00,1.726683989286861065e+00,2.134403764841863607e-15,2.137179322403426340e-15
5.429999999999905214e+01,1.123827244437289874e+00,1.019461036311793301e+00,1.726683989286861065e+00,2.134403764841863607e-15,2.137179322403426340e-15
5.434999999999904929e+01,1.123827244437289874e+00,1.019461036311793301e+00,1.726683989286861065e+00,2.134403764841863607e-15,2.137179322403426340e-15
5.439999999999904645e+01,1.123827244437289874e+00,1.019461036311793301e+00,1.726683989286861065e+00,2.134403764841863607e-15,2.137179322403426340e-15
5.444999999999904361e+01,1.123827244437289874e+00,1.019461036311793301e+00,1.726683989286861065e+00,2.134403764841863607e-15,2.137179322403426340e-15
5.449999999999904077e+01,1.123827244437289874e+00,1.019461036311793301e+00,1.726683989286861065e+00,2.134403764841863607e-15,2.137179322403426340e-15
5.454999999999903793e+01,1.123827244437289874e+00,1.019461036311793301e+00,1.726683989286861065e+00,2.134403764841863607e-15,2.137179322403426340e-15
5.459999999999903508e+01,1.123827244437289874e+00,1.019461036311793301e+00,1.726683989286861065e+00,2.134403764841863607e-15,2.137179322403426340e-15
5.464999999999903224e+01,1.123827244437289874e+00,1.019461036311793301e+00,1.726683989286861065e+00,2.134403764841863607e-15,2.137179322403426340e-15
5.469999999999902940e+01,1.123827244437289874e+00,1.019461036311793301e+00,1.726683989286861065e+00,2.134403764841863607e-15,2.137179322403426340e-15
5.474999999999902656e+01,1.123827244437289874e+00,1.019461036311793301e+00,1.726683989286861065e+00,2.134403764841863607e-15,2.137179322403426340e-15
5.479999999999902371e+01,1.123827244437289874e+00,1.019461036311793301e+00,1.726683989286861065e+00,2.134403764841863607e-15,2.137179322403426340e-15
5.484999999999902087e+01,1.123827244437289874e+00,1.019461036311793301e+00,1.726683989286861065e+00,2.134403764841863607e-15,2.137179322403426340e-15
5.489999999999901803e+01,1.123827244437289874e+00,1.019461036311793301e+00,1.726683989286861065e+00,2.134403764841863607e-15,2.137179322403426340e-15
5.494999999999901519e+01,1.123827244437289874e+00,1.019461036311793301e+00,1.726683989286861065e+00,2.134403764841863607e-15,2.137179322403426340e-15
5.499999999999901235e+01,1.123827244437289874e+00,1.019461036311793301e+00,1.726683989286861065e+00,2.134403764841863607e-15,2.137179322403426340e-15
5.504999999999900950e+01,1.123827244437289874e+00,1.019461036311793301e+00,1.726683989286861065e+00,2.134403764841863607e-15,2.137179322403426340e-15
5.509999999999900666e+01,1.123827244437289874e+00,1.019461036311793301e+00,1.726683989286861065e+00,2.134403764841863607e-15,2.137179322403426340e-15
5.514999999999900382e+01,1.123827244437289874e+00,1.019461036311793301e+00,1.726683989286861065e+00,2.134403764841863607e-15,2.137179322403426340e-15
5.519999999999900098e+01,1.123827244437289874e+00,1.019461036311793301e+00,1.726683989286861065e+00,2.134403764841863607e-15,2.137179322403426340e-15
5.524999999999899813e+01,1.123827244437289874e+00,1.019461036311793301e+00,1.726683989286861065e+00,2.134403764841863607e-15,2.137179322403426340e-15
5.529999999999899529e+01,1.123827244437289874e+00,1.019461036311793301e+00,1.726683989286861065e+00,2.134403764841863607e-15,2.137179322403426340e-15
5.534999999999899245e+01,1.123827244437289874e+00,1.019461036311793301e+00,1.726683989286861065e+00,2.134403764841863607e-15,2.137179322403426340e-15
5.539999999999898961e+01,1.123827244437289874e+00,1.019461036311793301e+00,1.726683989286861065e+00,2.134403764841863607e-15,2.137179322403426340e-15
5.544999999999898677e+01,1.123827244437289874e+00,1.019461036311793301e+00,1.726683989286861065e+00,2.134403764841863607e-15,2.137179322403426340e-15
5.549999999999898392e+01,1.123827244437289874e+00,1.019461036311793301e+00,1.726683989286861065e+00,2.134403764841863607e-15,2.137179322403426340e-15
5.554999999999898108e+01,1.123827244437289874e+00,1.019461036311793301e+00,1.726683989286861065e+00,2.134403764841863607e-15,2.137179322403426340e-15
5.559999999999897824e+01,1.123827244437289874e+00,1.019461036311793301e+00,1.726683989286861065e+00,2.134403764841863607e-15,2.137179322403426340e-15
5.564999999999897540e+01,1.123827244437289874e+00,1.019461036311793301e+00,1.726683989286861065e+00,2.134403764841863607e-15,2.137179322403426340e-15
5.569999999999897256e+01,1.123827244437289874e+00,1.019461036311793301e+00,1.726683989286861065e+00,2.134403764841863607e-15,2.137179322403426340e-15
5.574999999999896971e+01,1.123827244437289874e+00,1.019461036311793301e+00,1.726683989286861065e+00,2.134403764841863607e-15,2.137179322403426340e-15
5.579999999999896687e+01,1.123827244437289874e+00,1.019461036311793301e+00,1.726683989286861065e+00,2.134403764841863607e-15,2.137179322403426340e-15
5.584999999999896403e+01,1.123827244437289874e+00,1.019461036311793301e+00,1.726683989286861065e+00,2.134403764841863607e-15,2.137179322403426340e-15
5.589999999999896119e+01,1.123827244437289874e+00,1.019461036311793301e+00,1.726683989286861065e+00,2.134403764841863607e-15,2.137179322403426340e-15
5.594999999999895834e+01,1.123827244437289874e+00,1.019461036311793301e+00,1.726683989286861065e+00,2.134403764841863607e-15,2.137179322403426340e-15
5.599999999999895550e+01,1.123827244437289874e+00,1.019461036311793301e+00,1.726683989286861065e+00,2.134403764841863607e-15,2.137179322403426340e-15
5.604999999999895266e+01,1.123827244437289874e+00,1.019461036311793301e+00,1.726683989286861065e+00,2.134403764841863607e-15,2.137179322403426340e-15
5.609999999999894982e+01,1.123827244437289874e+00,1.019461036311793301e+00,1.726683989286861065e+00,2.134403764841863607e-15,2.137179322403426340e-15
5.614999999999894698e+01,1.123827244437289874e+00,1.019461036311793301e+00,1.726683989286861065e+00,2.134403764841863607e-15,2.137179322403426340e-15
5.619999999999894413e+01,1.123827244437289874e+00,1.019461036311793301e+00,1.726683989286861065e+00,2.134403764841863607e-15,2.137179322403426340e-15
5.624999999999894129e+01,1.123827244437289874e+00,1.019461036311793301e+00,1.726683989286861065e+00,2.134403764841863607e-15,2.137179322403426340e-15
5.629999999999893845e+01,1.123827244437289874e+00,1.019461036311793301e+00,1.726683989286861065e+00,2.134403764841863607e-15,2.137179322403426340e-15
5.634999999999893561e+01,1.123827244437289874e+00,1.019461036311793301e+00,1.726683989286861065e+00,2.134403764841863607e-15,2.137179322403426340e-15
5.639999999999893276e+01,1.123827244437289874e+00,1.019461036311793301e+00,1.726683989286861065e+00,2.134403764841863607e-15,2.137179322403426340e-15
5.644999999999892992e+01,1.123827244437289874e+00,1.019461036311793301e+00,1.726683989286861065e+00,2.134403764841863607e-15,2.137179322403426340e-15
5.649999999999892708e+01,1.123827244437289874e+00,1.019461036311793301e+00,1.726683989286861065e+00,2.134403764841863607e-15,2.137179322403426340e-15
5.654999999999892424e+01,1.123827244437289874e+00,1.019461036311793301e+00,1.726683989286861065e+00,2.134403764841863607e-15,2.137179322403426340e-15
5.659999999999892140e+01,1.123827244437289874e+00,1.019461036311793301e+00,1.726683989286861065e+00,2.134403764841863607e-15,2.137179322403426340e-15
5.664999999999891855e+01,1.123827244437289874e+00,1.019461036311793301e+00,1.726683989286861065e+00,2.134403764841863607e-15,2.137179322403426340e-15
5.669999999999891571e+01,1.123827244437289874e+00,1.019461036311793301e+00,1.726683989286861065e+00,2.134403764841863607e-15,2.137179322403426340e-15
5.674999999999891287e+01,1.123827244437289874e+00,1.019461036311793301e+00,1.726683989286861065e+00,2.134403764841863607e-15,2.137179322403426340e-15
5.679999999999891003e+01,1.123827244437289874e+00,1.019461036311793301e+00,1.726683989286861065e+00,2.134403764841863607e-15,2.137179322403426340e-15
5.684999999999890719e+01,1.123827244437289874e+00,1.019461036311793301e+00,1.726683989286861065e+00,2.134403764841863607e-15,2.137179322403426340e-15
5.689999999999890434e+01,1.123827244437289874e+00,1.019461036311793301e+00,1.726683989286861065e+00,2.134403764841863607e-15,2.137179322403426340e-15
5.694999999999890150e+01,1.123827244437289874e+00,1.019461036311793301e+00,1.726683989286861065e+00,2.134403764841863607e-15,2.137179322403426340e-15
5.699999999999889866e+01,1.123827244437289874e+00,1.019461036311793301e+00,1.726683989286861065e+00,2.134403764841863607e-15,2.137179322403426340e-15
5.704999999999889582e+01,1.123827244437289874e+00,1.019461036311793301e+00,1.726683989286861065e+00,2.134403764841863607e-15,2.137179322403426340e-15
5.709999999999889297e+01,1.123827244437289874e+00,1.019461036311793301e+00,1.726683989286861065e+00,2.134403764841863607e-15,2.137179322403426340e-15
5.714999999999889013e+01,1.123827244437289874e+00,1.019461036311793301e+00,1.726683989286861065e+00,2.134403764841863607e-15,2.137179322403426340e-15
5.719999999999888729e+01,1.123827244437289874e+00,1.019461036311793301e+00,1.726683989286861065e+00,2.134403764841863607e-15,2.137179322403426340e-15
5.724999999999888445e+01,1.123827244437289874e+00,1.019461036311793301e+00,1.726683989286861065e+00,2.134403764841863607e-15,2.137179322403426340e-15
5.729999999999888161e+01,1.123827244437289874e+00,1.019461036311793301e+00,1.726683989286861065e+00,2.134403764841863607e-15,2.137179322403426340e-15
5.734999999999887876e+01,1.123827244437289874e+00,1.019461036311793301e+00,1.726683989286861065e+00,2.134403764841863607e-15,2.137179322403426340e-15
5.739999999999887592e+01,1.123827244437289874e+00,1.019461036311793301e+00,1.726683989286861065e+00,2.134403764841863607e-15,2.137179322403426340e-15
5.744999999999887308e+01,1.123827244437289874e+00,1.019461036311793301e+00,1.726683989286861065e+00,2.134403764841863607e-15,2.137179322403426340e-15
5.749999999999887024e+01,1.123827244437289874e+00,1.019461036311793301e+00,1.726683989286861065e+00,2.134403764841863607e-15,2.137179322403426340e-15
5.754999999999886739e+01,1.123827244437289874e+00,1.019461036311793301e+00,1.726683989286861065e+00,2.134403764841863607e-15,2.137179322403426340e-15
5.759999999999886455e+01,1.123827244437289874e+00,1.019461036311793301e+00,1.726683989286861065e+00,2.134403764841863607e-15,2.137179322403426340e-15
5.764999999999886171e+01,1.123827244437289874e+00,1.019461036311793301e+00,1.726683989286861065e+00,2.134403764841863607e-15,2.137179322403426340e-15
5.769999999999885887e+01,1.123827244437289874e+00,1.019461036311793301e+00,1.726683989286861065e+00,2.134403764841863607e-15,2.137179322403426340e-15
5.774999999999885603e+01,1.123827244437289874e+00,1.019461036311793301e+00,1.726683989286861065e+00,2.134403764841863607e-15,2.137179322403426340e-15
5.779999999999885318e+01,1.123827244437289874e+00,1.019461036311793301e+00,1.726683989286861065e+00,2.134403764841863607e-15,2.137179322403426340e-15
5.784999999999885034e+01,1.123827244437289874e+00,1.019461036311793301e+00,1.726683989286861065e+00,2.134403764841863607e-15,2.137179322403426340e-15
5.789999999999884750e+01,1.123827244437289874e+00,1.019461036311793301e+00,1.726683989286861065e+00,2.134403764841863607e-15,2.137179322403426340e-15
5.794999999999884466e+01,1.123827244437289874e+00,1.019461036311793301e+00,1.726683989286861065e+00,2.134403764841863607e-15,2.137179322403426340e-15
5.799999999999884182e+01,1.123827244437289874e+00,1.019461036311793301e+00,1.726683989286861065e+00,2.134403764841863607e-15,2.137179322403426340e-15
5.804999999999883897e+01,1.123827244437289874e+00,1.019461036311793301e+00,1.726683989286861065e+00,2.134403764841863607e-15,2.137179322403426340e-15
5.809999999999883613e+01,1.123827244437289874e+00,1.019461036311793301e+00,1.726683989286861065e+00,2.134403764841863607e-15,2.137179322403426340e-15
5.814999999999883329e+01,1.123827244437289874e+00,1.019461036311793301e+00,1.726683989286861065e+00,2.134403764841863607e-15,2.137179322403426340e-15
5.819999999999883045e+01,1.123827244437289874e+00,1.019461036311793301e+00,1.726683989286861065e+00,2.134403764841863607e-15,2.137179322403426340e-15
5.824999999999882760e+01,1.123827244437289874e+00,1.019461036311793301e+00,1.726683989286861065e+00,2.134403764841863607e-15,2.137179322403426340e-15
5.829999999999882476e+01,1.123827244437289874e+00,1.019461036311793301e+00,1.726683989286861065e+00,2.134403764841863607e-15,2.137179322403426340e-15
5.834999999999882192e+01,1.123827244437289874e+00,1.019461036311793301e+00,1.726683989286861065e+00,2.134403764841863607e-15,2.137179322403426340e-15
5.839999999999881908e+01,1.123827244437289874e+00,1.019461036311793301e+00,1.726683989286861065e+00,2.134403764841863607e-15,2.137179322403426340e-15
5.844999999999881624e+01,1.123827244437289874e+00,1.019461036311793301e+00,1.726683989286861065e+00,2.134403764841863607e-15,2.137179322403426340e-15
5.849999999999881339e+01,1.123827244437289874e+00,1.019461036311793301e+00,1.726683989286861065e+00,2.134403764841863607e-15,2.137179322403426340e-15
5.854999999999881055e+01,1.123827244437289874e+00,1.019461036311793301e+00,1.726683989286861065e+00,2.134403764841863607e-15,2.137179322403426340e-15
5.859999999999880771e+01,1.123827244437289874e+00,1.019461036311793301e+00,1.726683989286861065e+00,2.134403764841863607e-15,2.137179322403426340e-15
5.864999999999880487e+01,1.123827244437289874e+00,1.019461036311793301e+00,1.726683989286861065e+00,2.134403764841863607e-15,2.137179322403426340e-15
5.869999999999880202e+01,1.123827244437289874e+00,1.019461036311793301e+00,1.726683989286861065e+00,2.134403764841863607e-15,2.137179322403426340e-15
5.874999999999879918e+01,1.123827244437289874e+00,1.019461036311793301e+00,1.726683989286861065e+00,2.134403764841863607e-15,2.137179322403426340e-15
5.879999999999879634e+01,1.123827244437289874e+00,1.019461036311793301e+00,1.726683989286861065e+00,2.134403764841863607e-15,2.137179322403426340e-15
5.884999999999879350e+01,1.123827244437289874e+00,1.019461036311793301e+00,1.726683989286861065e+00,2.134403764841863607e-15,2.137179322403426340e-15
5.889999999999879066e+01,1.123827244437289874e+00,1.019461036311793301e+00,1.726683989286861065e+00,2.134403764841863607e-15,2.137179322403426340e-15
5.894999999999878781e+01,1.123827244437289874e+00,1.019461036311793301e+00,1.726683989286861065e+00,2.134403764841863607e-15,2.137179322403426340e-15
5.899999999999878497e+01,1.123827244437289874e+00,1.019461036311793301e+00,1.726683989286861065e+00,2.134403764841863607e-15,2.137179322403426340e-15
5.904999999999878213e+01,1.123827244437289874e+00,1.019461036311793301e+00,1.726683989286861065e+00,2.134403764841863607e-15,2.137179322403426340e-15
5.909999999999877929e+01,1.123827244437289874e+00,1.019461036311793301e+00,1.726683989286861065e+00,2.134403764841863607e-15,2.137179322403426340e-15
5.914999999999877645e+01,1.123827244437289874e+00,1.019461036311793301e+00,1.726683989286861065e+00,2.134403764841863607e-15,2.137179322403426340e-15
5.919999999999877360e+01,1.123827244437289874e+00,1.019461036311793301e+00,1.726683989286861065e+00,2.134403764841863607e-15,2.137179322403426340e-15
5.924999999999877076e+01,1.123827244437289874e+00,1.019461036311793301e+00,1.726683989286861065e+00,2.134403764841863607e-15,2.137179322403426340e-15
5.929999999999876792e+01,1.123827244437289874e+00,1.019461036311793301e+00,1.726683989286861065e+00,2.134403764841863607e-15,2.137179322403426340e-15
5.934999999999876508e+01,1.123827244437289874e+00,1.019461036311793301e+00,1.726683989286861065e+00,2.134403764841863607e-15,2.137179322403426340e-15
5.939999999999876223e+01,1.123827244437289874e+00,1.019461036311793301e+00,1.726683989286861065e+00,2.134403764841863607e-15,2.137179322403426340e-15
5.944999999999875939e+01,1.123827244437289874e+00,1.019461036311793301e+00,1.726683989286861065e+00,2.134403764841863607e-15,2.137179322403426340e-15
5.949999999999875655e+01,1.123827244437289874e+00,1.019461036311793301e+00,1.726683989286861065e+00,2.134403764841863607e-15,2.137179322403426340e-15
5.954999999999875371e+01,1.123827244437289874e+00,1.019461036311793301e+00,1.726683989286861065e+00,2.134403764841863607e-15,2.137179322403426340e-15
5.959999999999875087e+01,1.123827244437289874e+00,1.019461036311793301e+00,1.726683989286861065e+00,2.134403764841863607e-15,2.137179322403426340e-15
5.964999999999874802e+01,1.123827244437289874e+00,1.019461036311793301e+00,1.726683989286861065e+00,2.134403764841863607e-15,2.137179322403426340e-15
5.969999999999874518e+01,1.123827244437289874e+00,1.019461036311793301e+00,1.726683989286861065e+00,2.134403764841863607e-15,2.137179322403426340e-15
5.974999999999874234e+01,1.123827244437289874e+00,1.019461036311793301e+00,1.726683989286861065e+00,2.134403764841863607e-15,2.137179322403426340e-15
5.979999999999873950e+01,1.123827244437289874e+00,1.019461036311793301e+00,1.726683989286861065e+00,2.134403764841863607e-15,2.137179322403426340e-15
5.984999999999873666e+01,1.123827244437289874e+00,1.019461036311793301e+00,1.726683989286861065e+00,2.134403764841863607e-15,2.137179322403426340e-15
5.989999999999873381e+01,1.123827244437289874e+00,1.019461036311793301e+00,1.726683989286861065e+00,2.134403764841863607e-15,2.137179322403426340e-15
5.994999999999873097e+01,1.123827244437289874e+00,1.019461036311793301e+00,1.726683989286861065e+00,2.134403764841863607e-15,2.137179322403426340e-15
5.999999999999872813e+01,1.123827244437289874e+00,1.019461036311793301e+00,1.726683989286861065e+00,2.134403764841863607e-15,2.137179322403426340e-15
6.004999999999872529e+01,1.123827244437289874e+00,1.019461036311793301e+00,1.726683989286861065e+00,2.134403764841863607e-15,2.137179322403426340e-15
6.009999999999872244e+01,1.123827244437289874e+00,1.019461036311793301e+00,1.726683989286861065e+00,2.134403764841863607e-15,2.137179322403426340e-15
6.014999999999871960e+01,1.123827244437289874e+00,1.019461036311793301e+00,1.726683989286861065e+00,2.134403764841863607e-15,2.137179322403426340e-15
6.019999999999871676e+01,1.123827244437289874e+00,1.019461036311793301e+00,1.726683989286861065e+00,2.134403764841863607e-15,2.137179322403426340e-15
6.024999999999871392e+01,1.123827244437289874e+00,1.019461036311793301e+00,1.726683989286861065e+00,2.134403764841863607e-15,2.137179322403426340e-15
6.029999999999871108e+01,1.123827244437289874e+00,1.019461036311793301e+00,1.726683989286861065e+00,2.134403764841863607e-15,2.137179322403426340e-15
6.034999999999870823e+01,1.123827244437289874e+00,1.019461036311793301e+00,1.726683989286861065e+00,2.134403764841863607e-15,2.137179322403426340e-15
6.039999999999870539e+01,1.123827244437289874e+00,1.019461036311793301e+00,1.726683989286861065e+00,2.134403764841863607e-15,2.137179322403426340e-15
6.044999999999870255e+01,1.123827244437289874e+00,1.019461036311793301e+00,1.726683989286861065e+00,2.134403764841863607e-15,2.137179322403426340e-15
6.049999999999869971e+01,1.123827244437289874e+00,1.019461036311793301e+00,1.726683989286861065e+00,2.134403764841863607e-15,2.137179322403426340e-15
6.054999999999869686e+01,1.123827244437289874e+00,1.019461036311793301e+00,1.726683989286861065e+00,2.134403764841863607e-15,2.137179322403426340e-15
6.059999999999869402e+01,1.123827244437289874e+00,1.019461036311793301e+00,1.726683989286861065e+00,2.134403764841863607e-15,2.137179322403426340e-15
6.064999999999869118e+01,1.123827244437289874e+00,1.019461036311793301e+00,1.726683989286861065e+00,2.134403764841863607e-15,2.137179322403426340e-15
6.069999999999868834e+01,1.123827244437289874e+00,1.019461036311793301e+00,1.726683989286861065e+00,2.134403764841863607e-15,2.137179322403426340e-15
6.074999999999868550e+01,1.123827244437289874e+00,1.019461036311793301e+00,1.726683989286861065e+00,2.134403764841863607e-15,2.137179322403426340e-15
6.079999999999868265e+01,1.123827244437289874e+00,1.019461036311793301e+00,1.726683989286861065e+00,2.134403764841863607e-15,2.137179322403426340e-15
6.084999999999867981e+01,1.123827244437289874e+00,1.019461036311793301e+00,1.726683989286861065e+00,2.134403764841863607e-15,2.137179322403426340e-15
6.089999999999867697e+01,1.123827244437289874e+00,1.019461036311793301e+00,1.726683989286861065e+00,2.134403764841863607e-15,2.137179322403426340e-15
6.094999999999867413e+01,1.123827244437289874e+00,1.019461036311793301e+00,1.726683989286861065e+00,2.134403764841863607e-15,2.137179322403426340e-15
6.099999999999867129e+01,1.123827244437289874e+00,1.019461036311793301e+00,1.726683989286861065e+00,2.134403764841863607e-15,2.137179322403426340e-15
6.104999999999866844e+01,1.123827244437289874e+00,1.019461036311793301e+00,1.726683989286861065e+00,2.134403764841863607e-15,2.137179322403426340e-15
6.109999999999866560e+01,1.123827244437289874e+00,1.019461036311793301e+00,1.726683989286861065e+00,2.134403764841863607e-15,2.137179322403426340e-15
6.114999999999866276e+01,1.123827244437289874e+00,1.019461036311793301e+00,1.726683989286861065e+00,2.134403764841863607e-15,2.137179322403426340e-15
6.119999999999865992e+01,1.123827244437289874e+00,1.019461036311793301e+00,1.726683989286861065e+00,2.134403764841863607e-15,2.137179322403426340e-15
6.124999999999865707e+01,1.123827244437289874e+00,1.019461036311793301e+00,1.726683989286861065e+00,2.134403764841863607e-15,2.137179322403426340e-15
6.129999999999865423e+01,1.123827244437289874e+00,1.019461036311793301e+00,1.726683989286861065e+00,2.134403764841863607e-15,2.137179322403426340e-15
6.134999999999865139e+01,1.123827244437289874e+00,1.019461036311793301e+00,1.726683989286861065e+00,2.134403764841863607e-15,2.137179322403426340e-15
6.139999999999864855e+01,1.123827244437289874e+00,1.019461036311793301e+00,1.726683989286861065e+00,2.134403764841863607e-15,2.137179322403426340e-15
6.144999999999864571e+01,1.123827244437289874e+00,1.019461036311793301e+00,1.726683989286861065e+00,2.134403764841863607e-15,2.137179322403426340e-15
6.149999999999864286e+01,1.123827244437289874e+00,1.019461036311793301e+00,1.726683989286861065e+00,2.134403764841863607e-15,2.137179322403426340e-15
6.154999999999864002e+01,1.123827244437289874e+00,1.019461036311793301e+00,1.726683989286861065e+00,2.134403764841863607e-15,2.137179322403426340e-15
6.159999999999863718e+01,1.123827244437289874e+00,1.019461036311793301e+00,1.726683989286861065e+00,2.134403764841863607e-15,2.137179322403426340e-15
6.164999999999863434e+01,1.123827244437289874e+00,1.019461036311793301e+00,1.726683989286861065e+00,2.134403764841863607e-15,2.137179322403426340e-15
6.169999999999863149e+01,1.123827244437289874e+00,1.019461036311793301e+00,1.726683989286861065e+00,2.134403764841863607e-15,2.137179322403426340e-15
6.174999999999862865e+01,1.123827244437289874e+00,1.019461036311793301e+00,1.726683989286861065e+00,2.134403764841863607e-15,2.137179322403426340e-15
6.179999999999862581e+01,1.123827244437289874e+00,1.019461036311793301e+00,1.726683989286861065e+00,2.134403764841863607e-15,2.137179322403426340e-15
6.184999999999862297e+01,1.123827244437289874e+00,1.019461036311793301e+00,1.726683989286861065e+00,2.134403764841863607e-15,2.137179322403426340e-15
6.189999999999862013e+01,1.123827244437289874e+00,1.019461036311793301e+00,1.726683989286861065e+00,2.134403764841863607e-15,2.137179322403426340e-15
6.194999999999861728e+01,1.123827244437289874e+00,1.019461036311793301e+00,1.726683989286861065e+00,2.134403764841863607e-15,2.137179322403426340e-15
6.199999999999861444e+01,1.123827244437289874e+00,1.019461036311793301e+00,1.726683989286861065e+00,2.134403764841863607e-15,2.137179322403426340e-15
6.204999999999861160e+01,1.123827244437289874e+00,1.019461036311793301e+00,1.726683989286861065e+00,2.134403764841863607e-15,2.137179322403426340e-15
6.209999999999860876e+01,1.123827244437289874e+00,1.019461036311793301e+00,1.726683989286861065e+00,2.134403764841863607e-15,2.137179322403426340e-15
6.214999999999860592e+01,1.123827244437289874e+00,1.019461036311793301e+00,1.726683989286861065e+00,2.134403764841863607e-15,2.137179322403426340e-15
6.219999999999860307e+01,1.123827244437289874e+00,1.019461036311793301e+00,1.726683989286861065e+00,2.134403764841863607e-15,2.137179322403426340e-15
6.224999999999860023e+01,1.123827244437289874e+00,1.019461036311793301e+00,1.726683989286861065e+00,2.134403764841863607e-15,2.137179322403426340e-15
6.229999999999859739e+01,1.123827244437289874e+00,1.019461036311793301e+00,1.726683989286861065e+00,2.134403764841863607e-15,2.137179322403426340e-15
6.234999999999859455e+01,1.123827244437289874e+00,1.019461036311793301e+00,1.726683989286861065e+00,2.134403764841863607e-15,2.137179322403426340e-15
6.239999999999859170e+01,1.123827244437289874e+00,1.019461036311793301e+00,1.726683989286861065e+00,2.134403764841863607e-15,2.137179322403426340e-15
6.244999999999858886e+01,1.123827244437289874e+00,1.019461036311793301e+00,1.726683989286861065e+00,2.134403764841863607e-15,2.137179322403426340e-15
6.249999999999858602e+01,1.123827244437289874e+00,1.019461036311793301e+00,1.726683989286861065e+00,2.134403764841863607e-15,2.137179322403426340e-15
6.254999999999858318e+01,1.123827244437289874e+00,1.019461036311793301e+00,1.726683989286861065e+00,2.134403764841863607e-15,2.137179322403426340e-15
6.259999999999858034e+01,1.123827244437289874e+00,1.019461036311793301e+00,1.726683989286861065e+00,2.134403764841863607e-15,2.137179322403426340e-15
6.264999999999857749e+01,1.123827244437289874e+00,1.019461036311793301e+00,1.726683989286861065e+00,2.134403764841863607e-15,2.137179322403426340e-15
6.269999999999857465e+01,1.123827244437289874e+00,1.019461036311793301e+00,1.726683989286861065e+00,2.134403764841863607e-15,2.137179322403426340e-15
6.274999999999857181e+01,1.123827244437289874e+00,1.019461036311793301e+00,1.726683989286861065e+00,2.134403764841863607e-15,2.137179322403426340e-15
6.279999999999856897e+01,1.123827244437289874e+00,1.019461036311793301e+00,1.726683989286861065e+00,2.134403764841863607e-15,2.137179322403426340e-15
6.284999999999856612e+01,1.123827244437289874e+00,1.019461036311793301e+00,1.726683989286861065e+00,2.134403764841863607e-15,2.137179322403426340e-15
6.289999999999856328e+01,1.123827244437289874e+00,1.019461036311793301e+00,1.726683989286861065e+00,2.134403764841863607e-15,2.137179322403426340e-15
6.294999999999856044e+01,1.123827244437289874e+00,1.019461036311793301e+00,1.726683989286861065e+00,2.134403764841863607e-15,2.137179322403426340e-15
6.299999999999855760e+01,1.123827244437289874e+00,1.019461036311793301e+00,1.726683989286861065e+00,2.134403764841863607e-15,2.137179322403426340e-15
6.304999999999855476e+01,1.123827244437289874e+00,1.019461036311793301e+00,1.726683989286861065e+00,2.134403764841863607e-15,2.137179322403426340e-15
6.309999999999855191e+01,1.123827244437289874e+00,1.019461036311793301e+00,1.726683989286861065e+00,2.134403764841863607e-15,2.137179322403426340e-15
6.314999999999854907e+01,1.123827244437289874e+00,1.019461036311793301e+00,1.726683989286861065e+00,2.134403764841863607e-15,2.137179322403426340e-15
6.319999999999854623e+01,1.123827244437289874e+00,1.019461036311793301e+00,1.726683989286861065e+00,2.134403764841863607e-15,2.137179322403426340e-15
6.324999999999854339e+01,1.123827244437289874e+00,1.019461036311793301e+00,1.726683989286861065e+00,2.134403764841863607e-15,2.137179322403426340e-15
6.329999999999854055e+01,1.123827244437289874e+00,1.019461036311793301e+00,1.726683989286861065e+00,2.134403764841863607e-15,2.137179322403426340e-15
6.334999999999853770e+01,1.123827244437289874e+00,1.019461036311793301e+00,1.726683989286861065e+00,2.134403764841863607e-15,2.137179322403426340e-15
6.339999999999853486e+01,1.123827244437289874e+00,1.019461036311793301e+00,1.726683989286861065e+00,2.134403764841863607e-15,2.137179322403426340e-15
6.344999999999853202e+01,1.123827244437289874e+00,1.019461036311793301e+00,1.726683989286861065e+00,2.134403764841863607e-15,2.137179322403426340e-15
6.349999999999852918e+01,1.123827244437289874e+00,1.019461036311793301e+00,1.726683989286861065e+00,2.134403764841863607e-15,2.137179322403426340e-15
6.354999999999852633e+01,1.123827244437289874e+00,1.019461036311793301e+00,1.726683989286861065e+00,2.134403764841863607e-15,2.137179322403426340e-15
6.359999999999852349e+01,1.123827244437289874e+00,1.019461036311793301e+00,1.726683989286861065e+00,2.134403764841863607e-15,2.137179322403426340e-15
6.364999999999852065e+01,1.123827244437289874e+00,1.019461036311793301e+00,1.726683989286861065e+00,2.134403764841863607e-15,2.137179322403426340e-15
6.369999999999851781e+01,1.123827244437289874e+00,1.019461036311793301e+00,1.726683989286861065e+00,2.134403764841863607e-15,2.137179322403426340e-15
6.374999999999851497e+01,1.123827244437289874e+00,1.019461036311793301e+00,1.726683989286861065e+00,2.134403764841863607e-15,2.137179322403426340e-15
6.379999999999851212e+01,1.123827244437289874e+00,1.019461036311793301e+00,1.726683989286861065e+00,2.134403764841863607e-15,2.137179322403426340e-15
6.384999999999850928e+01,1.123827244437289874e+00,1.019461036311793301e+00,1.726683989286861065e+00,2.134403764841863607e-15,2.137179322403426340e-15
6.389999999999850644e+01,1.123827244437289874e+00,1.019461036311793301e+00,1.726683989286861065e+00,2.134403764841863607e-15,2.137179322403426340e-15
6.394999999999850360e+01,1.123827244437289874e+00,1.019461036311793301e+00,1.726683989286861065e+00,2.134403764841863607e-15,2.137179322403426340e-15
6.399999999999850075e+01,1.123827244437289874e+00,1.019461036311793301e+00,1.726683989286861065e+00,2.134403764841863607e-15,2.137179322403426340e-15
6.404999999999850502e+01,1.123827244437289874e+00,1.019461036311793301e+00,1.726683989286861065e+00,2.134403764841863607e-15,2.137179322403426340e-15
6.409999999999850218e+01,1.123827244437289874e+00,1.019461036311793301e+00,1.726683989286861065e+00,2.134403764841863607e-15,2.137179322403426340e-15
6.414999999999849933e+01,1.123827244437289874e+00,1.019461036311793301e+00,1.726683989286861065e+00,2.134403764841863607e-15,2.137179322403426340e-15
6.419999999999849649e+01,1.123827244437289874e+00,1.019461036311793301e+00,1.726683989286861065e+00,2.134403764841863607e-15,2.137179322403426340e-15
6.424999999999849365e+01,1.123827244437289874e+00,1.019461036311793301e+00,1.726683989286861065e+00,2.134403764841863607e-15,2.137179322403426340e-15
6.429999999999849081e+01,1.123827244437289874e+00,1.019461036311793301e+00,1.726683989286861065e+00,2.134403764841863607e-15,2.137179322403426340e-15
6.434999999999848797e+01,1.123827244437289874e+00,1.019461036311793301e+00,1.726683989286861065e+00,2.134403764841863607e-15,2.137179322403426340e-15
6.439999999999848512e+01,1.123827244437289874e+00,1.019461036311793301e+00,1.726683989286861065e+00,2.134403764841863607e-15,2.137179322403426340e-15
6.444999999999848228e+01,1.123827244437289874e+00,1.019461036311793301e+00,1.726683989286861065e+00,2.134403764841863607e-15,2.137179322403426340e-15
6.449999999999847944e+01,1.123827244437289874e+00,1.019461036311793301e+00,1.726683989286861065e+00,2.134403764841863607e-15,2.137179322403426340e-15
6.454999999999847660e+01,1.123827244437289874e+00,1.019461036311793301e+00,1.726683989286861065e+00,2.134403764841863607e-15,2.137179322403426340e-15
6.459999999999847375e+01,1.123827244437289874e+00,1.019461036311793301e+00,1.726683989286861065e+00,2.134403764841863607e-15,2.137179322403426340e-15
6.464999999999847091e+01,1.123827244437289874e+00,1.019461036311793301e+00,1.726683989286861065e+00,2.134403764841863607e-15,2.137179322403426340e-15
6.469999999999846807e+01,1.123827244437289874e+00,1.019461036311793301e+00,1.726683989286861065e+00,2.134403764841863607e-15,2.137179322403426340e-15
6.474999999999846523e+01,1.123827244437289874e+00,1.019461036311793301e+00,1.726683989286861065e+00,2.134403764841863607e-15,2.137179322403426340e-15
6.479999999999846239e+01,1.123827244437289874e+00,1.019461036311793301e+00,1.726683989286861065e+00,2.134403764841863607e-15,2.137179322403426340e-15
6.484999999999845954e+01,1.123827244437289874e+00,1.019461036311793301e+00,1.726683989286861065e+00,2.134403764841863607e-15,2.137179322403426340e-15
6.489999999999845670e+01,1.123827244437289874e+00,1.019461036311793301e+00,1.726683989286861065e+00,2.134403764841863607e-15,2.137179322403426340e-15
6.494999999999845386e+01,1.123827244437289874e+00,1.019461036311793301e+00,1.726683989286861065e+00,2.134403764841863607e-15,2.137179322403426340e-15
6.499999999999845102e+01,1.123827244437289874e+00,1.019461036311793301e+00,1.726683989286861065e+00,2.134403764841863607e-15,2.137179322403426340e-15
6.504999999999844817e+01,1.123827244437289874e+00,1.019461036311793301e+00,1.726683989286861065e+00,2.134403764841863607e-15,2.137179322403426340e-15
6.509999999999844533e+01,1.123827244437289874e+00,1.019461036311793301e+00,1.726683989286861065e+00,2.134403764841863607e-15,2.137179322403426340e-15
6.514999999999844249e+01,1.123827244437289874e+00,1.019461036311793301e+00,1.726683989286861065e+00,2.134403764841863607e-15,2.137179322403426340e-15
6.519999999999843965e+01,1.123827244437289874e+00,1.019461036311793301e+00,1.726683989286861065e+00,2.134403764841863607e-15,2.137179322403426340e-15
6.524999999999843681e+01,1.123827244437289874e+00,1.019461036311793301e+00,1.726683989286861065e+00,2.134403764841863607e-15,2.137179322403426340e-15
6.529999999999843396e+01,1.123827244437289874e+00,1.019461036311793301e+00,1.726683989286861065e+00,2.134403764841863607e-15,2.137179322403426340e-15
6.534999999999843112e+01,1.123827244437289874e+00,1.019461036311793301e+00,1.726683989286861065e+00,2.134403764841863607e-15,2.137179322403426340e-15
6.539999999999842828e+01,1.123827244437289874e+00,1.019461036311793301e+00,1.726683989286861065e+00,2.134403764841863607e-15,2.137179322403426340e-15
6.544999999999842544e+01,1.123827244437289874e+00,1.019461036311793301e+00,1.726683989286861065e+00,2.134403764841863607e-15,2.137179322403426340e-15
6.549999999999842260e+01,1.123827244437289874e+00,1.019461036311793301e+00,1.726683989286861065e+00,2.134403764841863607e-15,2.137179322403426340e-15
6.554999999999841975e+01,1.123827244437289874e+00,1.019461036311793301e+00,1.726683989286861065e+00,2.134403764841863607e-15,2.137179322403426340e-15
6.559999999999841691e+01,1.123827244437289874e+00,1.019461036311793301e+00,1.726683989286861065e+00,2.134403764841863607e-15,2.137179322403426340e-15
6.564999999999841407e+01,1.123827244437289874e+00,1.019461036311793301e+00,1.726683989286861065e+00,2.134403764841863607e-15,2.137179322403426340e-15
6.569999999999841123e+01,1.123827244437289874e+00,1.019461036311793301e+00,1.726683989286861065e+00,2.134403764841863607e-15,2.137179322403426340e-15
6.574999999999840838e+01,1.123827244437289874e+00,1.019461036311793301e+00,1.726683989286861065e+00,2.134403764841863607e-15,2.137179322403426340e-15
6.579999999999840554e+01,1.123827244437289874e+00,1.019461036311793301e+00,1.726683989286861065e+00,2.134403764841863607e-15,2.137179322403426340e-15
6.584999999999840270e+01,1.123827244437289874e+00,1.019461036311793301e+00,1.726683989286861065e+00,2.134403764841863607e-15,2.137179322403426340e-15
6.589999999999839986e+01,1.123827244437289874e+00,1.019461036311793301e+00,1.726683989286861065e+00,2.134403764841863607e-15,2.137179322403426340e-15
6.594999999999839702e+01,1.123827244437289874e+00,1.019461036311793301e+00,1.726683989286861065e+00,2.134403764841863607e-15,2.137179322403426340e-15
6.599999999999839417e+01,1.123827244437289874e+00,1.019461036311793301e+00,1.726683989286861065e+00,2.134403764841863607e-15,2.137179322403426340e-15
6.604999999999839133e+01,1.123827244437289874e+00,1.019461036311793301e+00,1.726683989286861065e+00,2.134403764841863607e-15,2.137179322403426340e-15
6.609999999999838849e+01,1.123827244437289874e+00,1.019461036311793301e+00,1.726683989286861065e+00,2.134403764841863607e-15,2.137179322403426340e-15
6.614999999999838565e+01,1.123827244437289874e+00,1.019461036311793301e+00,1.726683989286861065e+00,2.134403764841863607e-15,2.137179322403426340e-15
6.619999999999838280e+01,1.123827244437289874e+00,1.019461036311793301e+00,1.726683989286861065e+00,2.134403764841863607e-15,2.137179322403426340e-15
6.624999999999837996e+01,1.123827244437289874e+00,1.019461036311793301e+00,1.726683989286861065e+00,2.134403764841863607e-15,2.137179322403426340e-15
6.629999999999837712e+01,1.123827244437289874e+00,1.019461036311793301e+00,1.726683989286861065e+00,2.134403764841863607e-15,2.137179322403426340e-15
6.634999999999837428e+01,1.123827244437289874e+00,1.019461036311793301e+00,1.726683989286861065e+00,2.134403764841863607e-15,2.137179322403426340e-15
6.639999999999837144e+01,1.123827244437289874e+00,1.019461036311793301e+00,1.726683989286861065e+00,2.134403764841863607e-15,2.137179322403426340e-15
6.644999999999836859e+01,1.123827244437289874e+00,1.019461036311793301e+00,1.726683989286861065e+00,2.134403764841863607e-15,2.137179322403426340e-15
6.649999999999836575e+01,1.123827244437289874e+00,1.019461036311793301e+00,1.726683989286861065e+00,2.134403764841863607e-15,2.137179322403426340e-15
6.654999999999836291e+01,1.123827244437289874e+00,1.019461036311793301e+00,1.726683989286861065e+00,2.134403764841863607e-15,2.137179322403426340e-15
6.659999999999836007e+01,1.123827244437289874e+00,1.019461036311793301e+00,1.726683989286861065e+00,2.134403764841863607e-15,2.137179322403426340e-15
6.664999999999835723e+01,1.123827244437289874e+00,1.019461036311793301e+00,1.726683989286861065e+00,2.134403764841863607e-15,2.137179322403426340e-15
6.669999999999835438e+01,1.123827244437289874e+00,1.019461036311793301e+00,1.726683989286861065e+00,2.134403764841863607e-15,2.137179322403426340e-15
6.674999999999835154e+01,1.123827244437289874e+00,1.019461036311793301e+00,1.726683989286861065e+00,2.134403764841863607e-15,2.137179322403426340e-15
6.679999999999834870e+01,1.123827244437289874e+00,1.019461036311793301e+00,1.726683989286861065e+00,2.134403764841863607e-15,2.137179322403426340e-15
6.684999999999834586e+01,1.123827244437289874e+00,1.019461036311793301e+00,1.726683989286861065e+00,2.134403764841863607e-15,2.137179322403426340e-15
6.689999999999834301e+01,1.123827244437289874e+00,1.019461036311793301e+00,1.726683989286861065e+00,2.134403764841863607e-15,2.137179322403426340e-15
6.694999999999834017e+01,1.123827244437289874e+00,1.019461036311793301e+00,1.726683989286861065e+00,2.134403764841863607e-15,2.137179322403426340e-15
6.699999999999833733e+01,1.123827244437289874e+00,1.019461036311793301e+00,1.726683989286861065e+00,2.134403764841863607e-15,2.137179322403426340e-15
6.704999999999833449e+01,1.123827244437289874e+00,1.019461036311793301e+00,1.726683989286861065e+00,2.134403764841863607e-15,2.137179322403426340e-15
6.709999999999833165e+01,1.123827244437289874e+00,1.019461036311793301e+00,1.726683989286861065e+00,2.134403764841863607e-15,2.137179322403426340e-15
6.714999999999832880e+01,1.123827244437289874e+00,1.019461036311793301e+00,1.726683989286861065e+00,2.134403764841863607e-15,2.137179322403426340e-15
6.719999999999832596e+01,1.123827244437289874e+00,1.019461036311793301e+00,1.726683989286861065e+00,2.134403764841863607e-15,2.137179322403426340e-15
6.724999999999832312e+01,1.123827244437289874e+00,1.019461036311793301e+00,1.726683989286861065e+00,2.134403764841863607e-15,2.137179322403426340e-15
6.729999999999832028e+01,1.123827244437289874e+00,1.019461036311793301e+00,1.726683989286861065e+00,2.134403764841863607e-15,2.137179322403426340e-15
6.734999999999831743e+01,1.123827244437289874e+00,1.019461036311793301e+00,1.726683989286861065e+00,2.134403764841863607e-15,2.137179322403426340e-15
6.739999999999831459e+01,1.123827244437289874e+00,1.019461036311793301e+00,1.726683989286861065e+00,2.134403764841863607e-15,2.137179322403426340e-15
6.744999999999831175e+01,1.123827244437289874e+00,1.019461036311793301e+00,1.726683989286861065e+00,2.134403764841863607e-15,2.137179322403426340e-15
6.749999999999830891e+01,1.123827244437289874e+00,1.019461036311793301e+00,1.726683989286861065e+00,2.134403764841863607e-15,2.137179322403426340e-15
6.754999999999830607e+01,1.123827244437289874e+00,1.019461036311793301e+00,1.726683989286861065e+00,2.134403764841863607e-15,2.137179322403426340e-15
6.759999999999830322e+01,1.123827244437289874e+00,1.019461036311793301e+00,1.726683989286861065e+00,2.134403764841863607e-15,2.137179322403426340e-15
6.764999999999830038e+01,1.123827244437289874e+00,1.019461036311793301e+00,1.726683989286861065e+00,2.134403764841863607e-15,2.137179322403426340e-15
6.769999999999829754e+01,1.123827244437289874e+00,1.019461036311793301e+00,1.726683989286861065e+00,2.134403764841863607e-15,2.137179322403426340e-15
6.774999999999829470e+01,1.123827244437289874e+00,1.019461036311793301e+00,1.726683989286861065e+00,2.134403764841863607e-15,2.137179322403426340e-15
6.779999999999829186e+01,1.123827244437289874e+00,1.019461036311793301e+00,1.726683989286861065e+00,2.134403764841863607e-15,2.137179322403426340e-15
6.784999999999828901e+01,1.123827244437289874e+00,1.019461036311793301e+00,1.726683989286861065e+00,2.134403764841863607e-15,2.137179322403426340e-15
6.789999999999828617e+01,1.123827244437289874e+00,1.019461036311793301e+00,1.726683989286861065e+00,2.134403764841863607e-15,2.137179322403426340e-15
6.794999999999828333e+01,1.123827244437289874e+00,1.019461036311793301e+00,1.726683989286861065e+00,2.134403764841863607e-15,2.137179322403426340e-15
6.799999999999828049e+01,1.123827244437289874e+00,1.019461036311793301e+00,1.726683989286861065e+00,2.134403764841863607e-15,2.137179322403426340e-15
6.804999999999827764e+01,1.123827244437289874e+00,1.019461036311793301e+00,1.726683989286861065e+00,2.134403764841863607e-15,2.137179322403426340e-15
6.809999999999827480e+01,1.123827244437289874e+00,1.019461036311793301e+00,1.726683989286861065e+00,2.134403764841863607e-15,2.137179322403426340e-15
6.814999999999827196e+01,1.123827244437289874e+00,1.019461036311793301e+00,1.726683989286861065e+00,2.134403764841863607e-15,2.137179322403426340e-15
6.819999999999826912e+01,1.123827244437289874e+00,1.019461036311793301e+00,1.726683989286861065e+00,2.134403764841863607e-15,2.137179322403426340e-15
6.824999999999826628e+01,1.123827244437289874e+00,1.019461036311793301e+00,1.726683989286861065e+00,2.134403764841863607e-15,2.137179322403426340e-15
6.829999999999826343e+01,1.123827244437289874e+00,1.019461036311793301e+00,1.726683989286861065e+00,2.134403764841863607e-15,2.137179322403426340e-15
6.834999999999826059e+01,1.123827244437289874e+00,1.019461036311793301e+00,1.726683989286861065e+00,2.134403764841863607e-15,2.137179322403426340e-15
6.839999999999825775e+01,1.123827244437289874e+00,1.019461036311793301e+00,1.726683989286861065e+00,2.134403764841863607e-15,2.137179322403426340e-15
6.844999999999825491e+01,1.123827244437289874e+00,1.019461036311793301e+00,1.726683989286861065e+00,2.134403764841863607e-15,2.137179322403426340e-15
6.849999999999825206e+01,1.123827244437289874e+00,1.019461036311793301e+00,1.726683989286861065e+00,2.134403764841863607e-15,2.137179322403426340e-15
6.854999999999824922e+01,1.123827244437289874e+00,1.019461036311793301e+00,1.726683989286861065e+00,2.134403764841863607e-15,2.137179322403426340e-15
6.859999999999824638e+01,1.123827244437289874e+00,1.019461036311793301e+00,1.726683989286861065e+00,2.134403764841863607e-15,2.137179322403426340e-15
6.864999999999824354e+01,1.123827244437289874e+00,1.019461036311793301e+00,1.726683989286861065e+00,2.134403764841863607e-15,2.137179322403426340e-15
6.869999999999824070e+01,1.123827244437289874e+00,1.019461036311793301e+00,1.726683989286861065e+00,2.134403764841863607e-15,2.137179322403426340e-15
6.874999999999823785e+01,1.123827244437289874e+00,1.019461036311793301e+00,1.726683989286861065e+00,2.134403764841863607e-15,2.137179322403426340e-15
6.879999999999823501e+01,1.123827244437289874e+00,1.019461036311793301e+00,1.726683989286861065e+00,2.134403764841863607e-15,2.137179322403426340e-15
6.884999999999823217e+01,1.123827244437289874e+00,1.019461036311793301e+00,1.726683989286861065e+00,2.134403764841863607e-15,2.137179322403426340e-15
6.889999999999822933e+01,1.123827244437289874e+00,1.019461036311793301e+00,1.726683989286861065e+00,2.134403764841863607e-15,2.137179322403426340e-15
6.894999999999822649e+01,1.123827244437289874e+00,1.019461036311793301e+00,1.726683989286861065e+00,2.134403764841863607e-15,2.137179322403426340e-15
6.899999999999822364e+01,1.123827244437289874e+00,1.019461036311793301e+00,1.726683989286861065e+00,2.134403764841863607e-15,2.137179322403426340e-15
6.904999999999822080e+01,1.123827244437289874e+00,1.019461036311793301e+00,1.726683989286861065e+00,2.134403764841863607e-15,2.137179322403426340e-15
6.909999999999821796e+01,1.123827244437289874e+00,1.019461036311793301e+00,1.726683989286861065e+00,2.134403764841863607e-15,2.137179322403426340e-15
6.914999999999821512e+01,1.123827244437289874e+00,1.019461036311793301e+00,1.726683989286861065e+00,2.134403764841863607e-15,2.137179322403426340e-15
6.919999999999821227e+01,1.123827244437289874e+00,1.019461036311793301e+00,1.726683989286861065e+00,2.134403764841863607e-15,2.137179322403426340e-15
6.924999999999820943e+01,1.123827244437289874e+00,1.019461036311793301e+00,1.726683989286861065e+00,2.134403764841863607e-15,2.137179322403426340e-15
6.929999999999820659e+01,1.123827244437289874e+00,1.019461036311793301e+00,1.726683989286861065e+00,2.134403764841863607e-15,2.137179322403426340e-15
6.934999999999820375e+01,1.123827244437289874e+00,1.019461036311793301e+00,1.726683989286861065e+00,2.134403764841863607e-15,2.137179322403426340e-15
6.939999999999820091e+01,1.123827244437289874e+00,1.019461036311793301e+00,1.726683989286861065e+00,2.134403764841863607e-15,2.137179322403426340e-15
6.944999999999819806e+01,1.123827244437289874e+00,1.019461036311793301e+00,1.726683989286861065e+00,2.134403764841863607e-15,2.137179322403426340e-15
6.949999999999819522e+01,1.123827244437289874e+00,1.019461036311793301e+00,1.726683989286861065e+00,2.134403764841863607e-15,2.137179322403426340e-15
6.954999999999819238e+01,1.123827244437289874e+00,1.019461036311793301e+00,1.726683989286861065e+00,2.134403764841863607e-15,2.137179322403426340e-15
6.959999999999818954e+01,1.123827244437289874e+00,1.019461036311793301e+00,1.726683989286861065e+00,2.134403764841863607e-15,2.137179322403426340e-15
6.964999999999818669e+01,1.123827244437289874e+00,1.019461036311793301e+00,1.726683989286861065e+00,2.134403764841863607e-15,2.137179322403426340e-15
6.969999999999818385e+01,1.123827244437289874e+00,1.019461036311793301e+00,1.726683989286861065e+00,2.134403764841863607e-15,2.137179322403426340e-15
6.974999999999818101e+01,1.123827244437289874e+00,1.019461036311793301e+00,1.726683989286861065e+00,2.134403764841863607e-15,2.137179322403426340e-15
6.979999999999817817e+01,1.123827244437289874e+00,1.019461036311793301e+00,1.726683989286861065e+00,2.134403764841863607e-15,2.137179322403426340e-15
6.984999999999817533e+01,1.123827244437289874e+00,1.019461036311793301e+00,1.726683989286861065e+00,2.134403764841863607e-15,2.137179322403426340e-15
6.989999999999817248e+01,1.123827244437289874e+00,1.019461036311793301e+00,1.726683989286861065e+00,2.134403764841863607e-15,2.137179322403426340e-15
6.994999999999816964e+01,1.123827244437289874e+00,1.019461036311793301e+00,1.726683989286861065e+00,2.134403764841863607e-15,2.137179322403426340e-15
6.999999999999816680e+01,1.123827244437289874e+00,1.019461036311793301e+00,1.726683989286861065e+00,2.134403764841863607e-15,2.137179322403426340e-15
7.004999999999816396e+01,1.123827244437289874e+00,1.019461036311793301e+00,1.726683989286861065e+00,2.134403764841863607e-15,2.137179322403426340e-15
7.009999999999816112e+01,1.123827244437289874e+00,1.019461036311793301e+00,1.726683989286861065e+00,2.134403764841863607e-15,2.137179322403426340e-15
7.014999999999815827e+01,1.123827244437289874e+00,1.019461036311793301e+00,1.726683989286861065e+00,2.134403764841863607e-15,2.137179322403426340e-15
7.019999999999815543e+01,1.123827244437289874e+00,1.019461036311793301e+00,1.726683989286861065e+00,2.134403764841863607e-15,2.137179322403426340e-15
7.024999999999815259e+01,1.123827244437289874e+00,1.019461036311793301e+00,1.726683989286861065e+00,2.134403764841863607e-15,2.137179322403426340e-15
7.029999999999814975e+01,1.123827244437289874e+00,1.019461036311793301e+00,1.726683989286861065e+00,2.134403764841863607e-15,2.137179322403426340e-15
7.034999999999814690e+01,1.123827244437289874e+00,1.019461036311793301e+00,1.726683989286861065e+00,2.134403764841863607e-15,2.137179322403426340e-15
7.039999999999814406e+01,1.123827244437289874e+00,1.019461036311793301e+00,1.726683989286861065e+00,2.134403764841863607e-15,2.137179322403426340e-15
7.044999999999814122e+01,1.123827244437289874e+00,1.019461036311793301e+00,1.726683989286861065e+00,2.134403764841863607e-15,2.137179322403426340e-15
7.049999999999813838e+01,1.123827244437289874e+00,1.019461036311793301e+00,1.726683989286861065e+00,2.134403764841863607e-15,2.137179322403426340e-15
7.054999999999813554e+01,1.123827244437289874e+00,1.019461036311793301e+00,1.726683989286861065e+00,2.134403764841863607e-15,2.137179322403426340e-15
7.059999999999813269e+01,1.123827244437289874e+00,1.019461036311793301e+00,1.726683989286861065e+00,2.134403764841863607e-15,2.137179322403426340e-15
7.064999999999812985e+01,1.123827244437289874e+00,1.019461036311793301e+00,1.726683989286861065e+00,2.134403764841863607e-15,2.137179322403426340e-15
7.069999999999812701e+01,1.123827244437289874e+00,1.019461036311793301e+00,1.726683989286861065e+00,2.134403764841863607e-15,2.137179322403426340e-15
7.074999999999812417e+01,1.123827244437289874e+00,1.019461036311793301e+00,1.726683989286861065e+00,2.134403764841863607e-15,2.137179322403426340e-15
7.079999999999812133e+01,1.123827244437289874e+00,1.019461036311793301e+00,1.726683989286861065e+00,2.134403764841863607e-15,2.137179322403426340e-15
7.084999999999811848e+01,1.123827244437289874e+00,1.019461036311793301e+00,1.726683989286861065e+00,2.134403764841863607e-15,2.137179322403426340e-15
7.089999999999811564e+01,1.123827244437289874e+00,1.019461036311793301e+00,1.726683989286861065e+00,2.134403764841863607e-15,2.137179322403426340e-15
7.094999999999811280e+01,1.123827244437289874e+00,1.019461036311793301e+00,1.726683989286861065e+00,2.134403764841863607e-15,2.137179322403426340e-15
7.099999999999810996e+01,1.123827244437289874e+00,1.019461036311793301e+00,1.726683989286861065e+00,2.134403764841863607e-15,2.137179322403426340e-15
7.104999999999810711e+01,1.123827244437289874e+00,1.019461036311793301e+00,1.726683989286861065e+00,2.134403764841863607e-15,2.137179322403426340e-15
7.109999999999810427e+01,1.123827244437289874e+00,1.019461036311793301e+00,1.726683989286861065e+00,2.134403764841863607e-15,2.137179322403426340e-15
7.114999999999810143e+01,1.123827244437289874e+00,1.019461036311793301e+00,1.726683989286861065e+00,2.134403764841863607e-15,2.137179322403426340e-15
7.119999999999809859e+01,1.123827244437289874e+00,1.019461036311793301e+00,1.726683989286861065e+00,2.134403764841863607e-15,2.137179322403426340e-15
7.124999999999809575e+01,1.123827244437289874e+00,1.019461036311793301e+00,1.726683989286861065e+00,2.134403764841863607e-15,2.137179322403426340e-15
7.129999999999809290e+01,1.123827244437289874e+00,1.019461036311793301e+00,1.726683989286861065e+00,2.134403764841863607e-15,2.137179322403426340e-15
7.134999999999809006e+01,1.123827244437289874e+00,1.019461036311793301e+00,1.726683989286861065e+00,2.134403764841863607e-15,2.137179322403426340e-15
7.139999999999808722e+01,1.123827244437289874e+00,1.019461036311793301e+00,1.726683989286861065e+00,2.134403764841863607e-15,2.137179322403426340e-15
7.144999999999808438e+01,1.123827244437289874e+00,1.019461036311793301e+00,1.726683989286861065e+00,2.134403764841863607e-15,2.137179322403426340e-15
7.149999999999808153e+01,1.123827244437289874e+00,1.019461036311793301e+00,1.726683989286861065e+00,2.134403764841863607e-15,2.137179322403426340e-15
7.154999999999807869e+01,1.123827244437289874e+00,1.019461036311793301e+00,1.726683989286861065e+00,2.134403764841863607e-15,2.137179322403426340e-15
7.159999999999807585e+01,1.123827244437289874e+00,1.019461036311793301e+00,1.726683989286861065e+00,2.134403764841863607e-15,2.137179322403426340e-15
7.164999999999807301e+01,1.123827244437289874e+00,1.019461036311793301e+00,1.726683989286861065e+00,2.134403764841863607e-15,2.137179322403426340e-15
7.169999999999807017e+01,1.123827244437289874e+00,1.019461036311793301e+00,1.726683989286861065e+00,2.134403764841863607e-15,2.137179322403426340e-15
7.174999999999806732e+01,1.123827244437289874e+00,1.019461036311793301e+00,1.726683989286861065e+00,2.134403764841863607e-15,2.137179322403426340e-15
7.179999999999806448e+01,1.123827244437289874e+00,1.019461036311793301e+00,1.726683989286861065e+00,2.134403764841863607e-15,2.137179322403426340e-15
7.184999999999806164e+01,1.123827244437289874e+00,1.019461036311793301e+00,1.726683989286861065e+00,2.134403764841863607e-15,2.137179322403426340e-15
7.189999999999805880e+01,1.123827244437289874e+00,1.019461036311793301e+00,1.726683989286861065e+00,2.134403764841863607e-15,2.137179322403426340e-15
7.194999999999805596e+01,1.123827244437289874e+00,1.019461036311793301e+00,1.726683989286861065e+00,2.134403764841863607e-15,2.137179322403426340e-15
7.199999999999805311e+01,1.123827244437289874e+00,1.019461036311793301e+00,1.726683989286861065e+00,2.134403764841863607e-15,2.137179322403426340e-15
7.204999999999805027e+01,1.123827244437289874e+00,1.019461036311793301e+00,1.726683989286861065e+00,2.134403764841863607e-15,2.137179322403426340e-15
7.209999999999804743e+01,1.123827244437289874e+00,1.019461036311793301e+00,1.726683989286861065e+00,2.134403764841863607e-15,2.137179322403426340e-15
7.214999999999804459e+01,1.123827244437289874e+00,1.019461036311793301e+00,1.726683989286861065e+00,2.134403764841863607e-15,2.137179322403426340e-15
7.219999999999804174e+01,1.123827244437289874e+00,1.019461036311793301e+00,1.726683989286861065e+00,2.134403764841863607e-15,2.137179322403426340e-15
7.224999999999803890e+01,1.123827244437289874e+00,1.019461036311793301e+00,1.726683989286861065e+00,2.134403764841863607e-15,2.137179322403426340e-15
7.229999999999803606e+01,1.123827244437289874e+00,1.019461036311793301e+00,1.726683989286861065e+00,2.134403764841863607e-15,2.137179322403426340e-15
7.234999999999803322e+01,1.123827244437289874e+00,1.019461036311793301e+00,1.726683989286861065e+00,2.134403764841863607e-15,2.137179322403426340e-15
7.239999999999803038e+01,1.123827244437289874e+00,1.019461036311793301e+00,1.726683989286861065e+00,2.134403764841863607e-15,2.137179322403426340e-15
7.244999999999802753e+01,1.123827244437289874e+00,1.019461036311793301e+00,1.726683989286861065e+00,2.134403764841863607e-15,2.137179322403426340e-15
7.249999999999802469e+01,1.123827244437289874e+00,1.019461036311793301e+00,1.726683989286861065e+00,2.134403764841863607e-15,2.137179322403426340e-15
7.254999999999802185e+01,1.123827244437289874e+00,1.019461036311793301e+00,1.726683989286861065e+00,2.134403764841863607e-15,2.137179322403426340e-15
7.259999999999801901e+01,1.123827244437289874e+00,1.019461036311793301e+00,1.726683989286861065e+00,2.134403764841863607e-15,2.137179322403426340e-15
7.264999999999801616e+01,1.123827244437289874e+00,1.019461036311793301e+00,1.726683989286861065e+00,2.134403764841863607e-15,2.137179322403426340e-15
7.269999999999801332e+01,1.123827244437289874e+00,1.019461036311793301e+00,1.726683989286861065e+00,2.134403764841863607e-15,2.137179322403426340e-15
7.274999999999801048e+01,1.123827244437289874e+00,1.019461036311793301e+00,1.726683989286861065e+00,2.134403764841863607e-15,2.137179322403426340e-15
7.279999999999800764e+01,1.123827244437289874e+00,1.019461036311793301e+00,1.726683989286861065e+00,2.134403764841863607e-15,2.137179322403426340e-15
7.284999999999800480e+01,1.123827244437289874e+00,1.019461036311793301e+00,1.726683989286861065e+00,2.134403764841863607e-15,2.137179322403426340e-15
7.289999999999800195e+01,1.123827244437289874e+00,1.019461036311793301e+00,1.726683989286861065e+00,2.134403764841863607e-15,2.137179322403426340e-15
7.294999999999799911e+01,1.123827244437289874e+00,1.019461036311793301e+00,1.726683989286861065e+00,2.134403764841863607e-15,2.137179322403426340e-15
7.299999999999799627e+01,1.123827244437289874e+00,1.019461036311793301e+00,1.726683989286861065e+00,2.134403764841863607e-15,2.137179322403426340e-15
7.304999999999799343e+01,1.123827244437289874e+00,1.019461036311793301e+00,1.726683989286861065e+00,2.134403764841863607e-15,2.137179322403426340e-15
7.309999999999799059e+01,1.123827244437289874e+00,1.019461036311793301e+00,1.726683989286861065e+00,2.134403764841863607e-15,2.137179322403426340e-15
7.314999999999798774e+01,1.123827244437289874e+00,1.019461036311793301e+00,1.726683989286861065e+00,2.134403764841863607e-15,2.137179322403426340e-15
7.319999999999798490e+01,1.123827244437289874e+00,1.019461036311793301e+00,1.726683989286861065e+00,2.134403764841863607e-15,2.137179322403426340e-15
7.324999999999798206e+01,1.123827244437289874e+00,1.019461036311793301e+00,1.726683989286861065e+00,2.134403764841863607e-15,2.137179322403426340e-15
7.329999999999797922e+01,1.123827244437289874e+00,1.019461036311793301e+00,1.726683989286861065e+00,2.134403764841863607e-15,2.137179322403426340e-15
7.334999999999797637e+01,1.123827244437289874e+00,1.019461036311793301e+00,1.726683989286861065e+00,2.134403764841863607e-15,2.137179322403426340e-15
7.339999999999797353e+01,1.123827244437289874e+00,1.019461036311793301e+00,1.726683989286861065e+00,2.134403764841863607e-15,2.137179322403426340e-15
7.344999999999797069e+01,1.123827244437289874e+00,1.019461036311793301e+00,1.726683989286861065e+00,2.134403764841863607e-15,2.137179322403426340e-15
7.349999999999796785e+01,1.123827244437289874e+00,1.019461036311793301e+00,1.726683989286861065e+00,2.134403764841863607e-15,2.137179322403426340e-15
7.354999999999796501e+01,1.123827244437289874e+00,1.019461036311793301e+00,1.726683989286861065e+00,2.134403764841863607e-15,2.137179322403426340e-15
7.359999999999796216e+01,1.123827244437289874e+00,1.019461036311793301e+00,1.726683989286861065e+00,2.134403764841863607e-15,2.137179322403426340e-15
7.364999999999795932e+01,1.123827244437289874e+00,1.019461036311793301e+00,1.726683989286861065e+00,2.134403764841863607e-15,2.137179322403426340e-15
7.369999999999795648e+01,1.123827244437289874e+00,1.019461036311793301e+00,1.726683989286861065e+00,2.134403764841863607e-15,2.137179322403426340e-15
7.374999999999795364e+01,1.123827244437289874e+00,1.019461036311793301e+00,1.726683989286861065e+00,2.134403764841863607e-15,2.137179322403426340e-15
7.379999999999795079e+01,1.123827244437289874e+00,1.019461036311793301e+00,1.726683989286861065e+00,2.134403764841863607e-15,2.137179322403426340e-15
7.384999999999794795e+01,1.123827244437289874e+00,1.019461036311793301e+00,1.726683989286861065e+00,2.134403764841863607e-15,2.137179322403426340e-15
7.389999999999794511e+01,1.123827244437289874e+00,1.019461036311793301e+00,1.726683989286861065e+00,2.134403764841863607e-15,2.137179322403426340e-15
7.394999999999794227e+01,1.123827244437289874e+00,1.019461036311793301e+00,1.726683989286861065e+00,2.134403764841863607e-15,2.137179322403426340e-15
7.399999999999793943e+01,1.123827244437289874e+00,1.019461036311793301e+00,1.726683989286861065e+00,2.134403764841863607e-15,2.137179322403426340e-15
7.404999999999793658e+01,1.123827244437289874e+00,1.019461036311793301e+00,1.726683989286861065e+00,2.134403764841863607e-15,2.137179322403426340e-15
7.409999999999793374e+01,1.123827244437289874e+00,1.019461036311793301e+00,1.726683989286861065e+00,2.134403764841863607e-15,2.137179322403426340e-15
7.414999999999793090e+01,1.123827244437289874e+00,1.019461036311793301e+00,1.726683989286861065e+00,2.134403764841863607e-15,2.137179322403426340e-15
7.419999999999792806e+01,1.123827244437289874e+00,1.019461036311793301e+00,1.726683989286861065e+00,2.134403764841863607e-15,2.137179322403426340e-15
7.424999999999792522e+01,1.123827244437289874e+00,1.019461036311793301e+00,1.726683989286861065e+00,2.134403764841863607e-15,2.137179322403426340e-15
7.429999999999792237e+01,1.123827244437289874e+00,1.019461036311793301e+00,1.726683989286861065e+00,2.134403764841863607e-15,2.137179322403426340e-15
7.434999999999791953e+01,1.123827244437289874e+00,1.019461036311793301e+00,1.726683989286861065e+00,2.134403764841863607e-15,2.137179322403426340e-15
7.439999999999791669e+01,1.123827244437289874e+00,1.019461036311793301e+00,1.726683989286861065e+00,2.134403764841863607e-15,2.137179322403426340e-15
7.444999999999791385e+01,1.123827244437289874e+00,1.019461036311793301e+00,1.726683989286861065e+00,2.134403764841863607e-15,2.137179322403426340e-15
7.449999999999791100e+01,1.123827244437289874e+00,1.019461036311793301e+00,1.726683989286861065e+00,2.134403764841863607e-15,2.137179322403426340e-15
7.454999999999790816e+01,1.123827244437289874e+00,1.019461036311793301e+00,1.726683989286861065e+00,2.134403764841863607e-15,2.137179322403426340e-15
7.459999999999790532e+01,1.123827244437289874e+00,1.019461036311793301e+00,1.726683989286861065e+00,2.134403764841863607e-15,2.137179322403426340e-15
7.464999999999790248e+01,1.123827244437289874e+00,1.019461036311793301e+00,1.726683989286861065e+00,2.134403764841863607e-15,2.137179322403426340e-15
7.469999999999789964e+01,1.123827244437289874e+00,1.019461036311793301e+00,1.726683989286861065e+00,2.134403764841863607e-15,2.137179322403426340e-15
7.474999999999789679e+01,1.123827244437289874e+00,1.019461036311793301e+00,1.726683989286861065e+00,2.134403764841863607e-15,2.137179322403426340e-15
7.479999999999789395e+01,1.123827244437289874e+00,1.019461036311793301e+00,1.726683989286861065e+00,2.134403764841863607e-15,2.137179322403426340e-15
7.484999999999789111e+01,1.123827244437289874e+00,1.019461036311793301e+00,1.726683989286861065e+00,2.134403764841863607e-15,2.137179322403426340e-15
7.489999999999788827e+01,1.123827244437289874e+00,1.019461036311793301e+00,1.726683989286861065e+00,2.134403764841863607e-15,2.137179322403426340e-15
7.494999999999788542e+01,1.123827244437289874e+00,1.019461036311793301e+00,1.726683989286861065e+00,2.134403764841863607e-15,2.137179322403426340e-15
7.499999999999788258e+01,1.123827244437289874e+00,1.019461036311793301e+00,1.726683989286861065e+00,2.134403764841863607e-15,2.137179322403426340e-15
7.504999999999787974e+01,1.123827244437289874e+00,1.019461036311793301e+00,1.726683989286861065e+00,2.134403764841863607e-15,2.137179322403426340e-15
7.509999999999787690e+01,1.123827244437289874e+00,1.019461036311793301e+00,1.726683989286861065e+00,2.134403764841863607e-15,2.137179322403426340e-15
7.514999999999787406e+01,1.123827244437289874e+00,1.019461036311793301e+00,1.726683989286861065e+00,2.134403764841863607e-15,2.137179322403426340e-15
7.519999999999787121e+01,1.123827244437289874e+00,1.019461036311793301e+00,1.726683989286861065e+00,2.134403764841863607e-15,2.137179322403426340e-15
7.524999999999786837e+01,1.123827244437289874e+00,1.019461036311793301e+00,1.726683989286861065e+00,2.134403764841863607e-15,2.137179322403426340e-15
7.529999999999786553e+01,1.123827244437289874e+00,1.019461036311793301e+00,1.726683989286861065e+00,2.134403764841863607e-15,2.137179322403426340e-15
7.534999999999786269e+01,1.123827244437289874e+00,1.019461036311793301e+00,1.726683989286861065e+00,2.134403764841863607e-15,2.137179322403426340e-15
7.539999999999785985e+01,1.123827244437289874e+00,1.019461036311793301e+00,1.726683989286861065e+00,2.134403764841863607e-15,2.137179322403426340e-15
7.544999999999785700e+01,1.123827244437289874e+00,1.019461036311793301e+00,1.726683989286861065e+00,2.134403764841863607e-15,2.137179322403426340e-15
7.549999999999785416e+01,1.123827244437289874e+00,1.019461036311793301e+00,1.726683989286861065e+00,2.134403764841863607e-15,2.137179322403426340e-15
7.554999999999785132e+01,1.123827244437289874e+00,1.019461036311793301e+00,1.726683989286861065e+00,2.134403764841863607e-15,2.137179322403426340e-15
7.559999999999784848e+01,1.123827244437289874e+00,1.019461036311793301e+00,1.726683989286861065e+00,2.134403764841863607e-15,2.137179322403426340e-15
7.564999999999784563e+01,1.123827244437289874e+00,1.019461036311793301e+00,1.726683989286861065e+00,2.134403764841863607e-15,2.137179322403426340e-15
7.569999999999784279e+01,1.123827244437289874e+00,1.019461036311793301e+00,1.726683989286861065e+00,2.134403764841863607e-15,2.137179322403426340e-15
7.574999999999783995e+01,1.123827244437289874e+00,1.019461036311793301e+00,1.726683989286861065e+00,2.134403764841863607e-15,2.137179322403426340e-15
7.579999999999783711e+01,1.123827244437289874e+00,1.019461036311793301e+00,1.726683989286861065e+00,2.134403764841863607e-15,2.137179322403426340e-15
7.584999999999783427e+01,1.123827244437289874e+00,1.019461036311793301e+00,1.726683989286861065e+00,2.134403764841863607e-15,2.137179322403426340e-15
7.589999999999783142e+01,1.123827244437289874e+00,1.019461036311793301e+00,1.726683989286861065e+00,2.134403764841863607e-15,2.137179322403426340e-15
7.594999999999782858e+01,1.123827244437289874e+00,1.019461036311793301e+00,1.726683989286861065e+00,2.134403764841863607e-15,2.137179322403426340e-15
7.599999999999782574e+01,1.123827244437289874e+00,1.019461036311793301e+00,1.726683989286861065e+00,2.134403764841863607e-15,2.137179322403426340e-15
7.604999999999782290e+01,1.123827244437289874e+00,1.019461036311793301e+00,1.726683989286861065e+00,2.134403764841863607e-15,2.137179322403426340e-15
7.609999999999782005e+01,1.123827244437289874e+00,1.019461036311793301e+00,1.726683989286861065e+00,2.134403764841863607e-15,2.137179322403426340e-15
7.614999999999781721e+01,1.123827244437289874e+00,1.019461036311793301e+00,1.726683989286861065e+00,2.134403764841863607e-15,2.137179322403426340e-15
7.619999999999781437e+01,1.123827244437289874e+00,1.019461036311793301e+00,1.726683989286861065e+00,2.134403764841863607e-15,2.137179322403426340e-15
7.624999999999781153e+01,1.123827244437289874e+00,1.019461036311793301e+00,1.726683989286861065e+00,2.134403764841863607e-15,2.137179322403426340e-15
7.629999999999780869e+01,1.123827244437289874e+00,1.019461036311793301e+00,1.726683989286861065e+00,2.134403764841863607e-15,2.137179322403426340e-15
7.634999999999780584e+01,1.123827244437289874e+00,1.019461036311793301e+00,1.726683989286861065e+00,2.134403764841863607e-15,2.137179322403426340e-15
7.639999999999780300e+01,1.123827244437289874e+00,1.019461036311793301e+00,1.726683989286861065e+00,2.134403764841863607e-15,2.137179322403426340e-15
7.644999999999780016e+01,1.123827244437289874e+00,1.019461036311793301e+00,1.726683989286861065e+00,2.134403764841863607e-15,2.137179322403426340e-15
7.649999999999779732e+01,1.123827244437289874e+00,1.019461036311793301e+00,1.726683989286861065e+00,2.134403764841863607e-15,2.137179322403426340e-15
7.654999999999779448e+01,1.123827244437289874e+00,1.019461036311793301e+00,1.726683989286861065e+00,2.134403764841863607e-15,2.137179322403426340e-15
7.659999999999779163e+01,1.123827244437289874e+00,1.019461036311793301e+00,1.726683989286861065e+00,2.134403764841863607e-15,2.137179322403426340e-15
7.664999999999778879e+01,1.123827244437289874e+00,1.019461036311793301e+00,1.726683989286861065e+00,2.134403764841863607e-15,2.137179322403426340e-15
7.669999999999778595e+01,1.123827244437289874e+00,1.019461036311793301e+00,1.726683989286861065e+00,2.134403764841863607e-15,2.137179322403426340e-15
7.674999999999778311e+01,1.123827244437289874e+00,1.019461036311793301e+00,1.726683989286861065e+00,2.134403764841863607e-15,2.137179322403426340e-15
7.679999999999778026e+01,1.123827244437289874e+00,1.019461036311793301e+00,1.726683989286861065e+00,2.134403764841863607e-15,2.137179322403426340e-15
7.684999999999777742e+01,1.123827244437289874e+00,1.019461036311793301e+00,1.726683989286861065e+00,2.134403764841863607e-15,2.137179322403426340e-15
7.689999999999777458e+01,1.123827244437289874e+00,1.019461036311793301e+00,1.726683989286861065e+00,2.134403764841863607e-15,2.137179322403426340e-15
7.694999999999777174e+01,1.123827244437289874e+00,1.019461036311793301e+00,1.726683989286861065e+00,2.134403764841863607e-15,2.137179322403426340e-15
7.699999999999776890e+01,1.123827244437289874e+00,1.019461036311793301e+00,1.726683989286861065e+00,2.134403764841863607e-15,2.137179322403426340e-15
7.704999999999776605e+01,1.123827244437289874e+00,1.019461036311793301e+00,1.726683989286861065e+00,2.134403764841863607e-15,2.137179322403426340e-15
7.709999999999776321e+01,1.123827244437289874e+00,1.019461036311793301e+00,1.726683989286861065e+00,2.134403764841863607e-15,2.137179322403426340e-15
7.714999999999776037e+01,1.123827244437289874e+00,1.019461036311793301e+00,1.726683989286861065e+00,2.134403764841863607e-15,2.137179322403426340e-15
7.719999999999775753e+01,1.123827244437289874e+00,1.019461036311793301e+00,1.726683989286861065e+00,2.134403764841863607e-15,2.137179322403426340e-15
7.724999999999775468e+01,1.123827244437289874e+00,1.019461036311793301e+00,1.726683989286861065e+00,2.134403764841863607e-15,2.137179322403426340e-15
7.729999999999775184e+01,1.123827244437289874e+00,1.019461036311793301e+00,1.726683989286861065e+00,2.134403764841863607e-15,2.137179322403426340e-15
7.734999999999774900e+01,1.123827244437289874e+00,1.019461036311793301e+00,1.726683989286861065e+00,2.134403764841863607e-15,2.137179322403426340e-15
7.739999999999774616e+01,1.123827244437289874e+00,1.019461036311793301e+00,1.726683989286861065e+00,2.134403764841863607e-15,2.137179322403426340e-15
7.744999999999774332e+01,1.123827244437289874e+00,1.019461036311793301e+00,1.726683989286861065e+00,2.134403764841863607e-15,2.137179322403426340e-15
7.749999999999774047e+01,1.123827244437289874e+00,1.019461036311793301e+00,1.726683989286861065e+00,2.134403764841863607e-15,2.137179322403426340e-15
7.754999999999773763e+01,1.123827244437289874e+00,1.019461036311793301e+00,1.726683989286861065e+00,2.134403764841863607e-15,2.137179322403426340e-15
7.759999999999773479e+01,1.123827244437289874e+00,1.019461036311793301e+00,1.726683989286861065e+00,2.134403764841863607e-15,2.137179322403426340e-15
7.764999999999773195e+01,1.123827244437289874e+00,1.019461036311793301e+00,1.726683989286861065e+00,2.134403764841863607e-15,2.137179322403426340e-15
7.769999999999772911e+01,1.123827244437289874e+00,1.019461036311793301e+00,1.726683989286861065e+00,2.134403764841863607e-15,2.137179322403426340e-15
7.774999999999772626e+01,1.123827244437289874e+00,1.019461036311793301e+00,1.726683989286861065e+00,2.134403764841863607e-15,2.137179322403426340e-15
7.779999999999772342e+01,1.123827244437289874e+00,1.019461036311793301e+00,1.726683989286861065e+00,2.134403764841863607e-15,2.137179322403426340e-15
7.784999999999772058e+01,1.123827244437289874e+00,1.019461036311793301e+00,1.726683989286861065e+00,2.134403764841863607e-15,2.137179322403426340e-15
7.789999999999771774e+01,1.123827244437289874e+00,1.019461036311793301e+00,1.726683989286861065e+00,2.134403764841863607e-15,2.137179322403426340e-15
7.794999999999771489e+01,1.123827244437289874e+00,1.019461036311793301e+00,1.726683989286861065e+00,2.134403764841863607e-15,2.137179322403426340e-15
7.799999999999771205e+01,1.123827244437289874e+00,1.019461036311793301e+00,1.726683989286861065e+00,2.134403764841863607e-15,2.137179322403426340e-15
7.804999999999770921e+01,1.123827244437289874e+00,1.019461036311793301e+00,1.726683989286861065e+00,2.134403764841863607e-15,2.137179322403426340e-15
7.809999999999770637e+01,1.123827244437289874e+00,1.019461036311793301e+00,1.726683989286861065e+00,2.134403764841863607e-15,2.137179322403426340e-15
7.814999999999770353e+01,1.123827244437289874e+00,1.019461036311793301e+00,1.726683989286861065e+00,2.134403764841863607e-15,2.137179322403426340e-15
7.819999999999770068e+01,1.123827244437289874e+00,1.019461036311793301e+00,1.726683989286861065e+00,2.134403764841863607e-15,2.137179322403426340e-15
7.824999999999769784e+01,1.123827244437289874e+00,1.019461036311793301e+00,1.726683989286861065e+00,2.134403764841863607e-15,2.137179322403426340e-15
7.829999999999769500e+01,1.123827244437289874e+00,1.019461036311793301e+00,1.726683989286861065e+00,2.134403764841863607e-15,2.137179322403426340e-15
7.834999999999769216e+01,1.123827244437289874e+00,1.019461036311793301e+00,1.726683989286861065e+00,2.134403764841863607e-15,2.137179322403426340e-15
7.839999999999768932e+01,1.123827244437289874e+00,1.019461036311793301e+00,1.726683989286861065e+00,2.134403764841863607e-15,2.137179322403426340e-15
7.844999999999768647e+01,1.123827244437289874e+00,1.019461036311793301e+00,1.726683989286861065e+00,2.134403764841863607e-15,2.137179322403426340e-15
7.849999999999768363e+01,1.123827244437289874e+00,1.019461036311793301e+00,1.726683989286861065e+00,2.134403764841863607e-15,2.137179322403426340e-15
7.854999999999768079e+01,1.123827244437289874e+00,1.019461036311793301e+00,1.726683989286861065e+00,2.134403764841863607e-15,2.137179322403426340e-15
7.859999999999767795e+01,1.123827244437289874e+00,1.019461036311793301e+00,1.726683989286861065e+00,2.134403764841863607e-15,2.137179322403426340e-15
7.864999999999767510e+01,1.123827244437289874e+00,1.019461036311793301e+00,1.726683989286861065e+00,2.134403764841863607e-15,2.137179322403426340e-15
7.869999999999767226e+01,1.123827244437289874e+00,1.019461036311793301e+00,1.726683989286861065e+00,2.134403764841863607e-15,2.137179322403426340e-15
7.874999999999766942e+01,1.123827244437289874e+00,1.019461036311793301e+00,1.726683989286861065e+00,2.134403764841863607e-15,2.137179322403426340e-15
7.879999999999766658e+01,1.123827244437289874e+00,1.019461036311793301e+00,1.726683989286861065e+00,2.134403764841863607e-15,2.137179322403426340e-15
7.884999999999766374e+01,1.123827244437289874e+00,1.019461036311793301e+00,1.726683989286861065e+00,2.134403764841863607e-15,2.137179322403426340e-15
7.889999999999766089e+01,1.123827244437289874e+00,1.019461036311793301e+00,1.726683989286861065e+00,2.134403764841863607e-15,2.137179322403426340e-15
7.894999999999765805e+01,1.123827244437289874e+00,1.019461036311793301e+00,1.726683989286861065e+00,2.134403764841863607e-15,2.137179322403426340e-15
7.899999999999765521e+01,1.123827244437289874e+00,1.019461036311793301e+00,1.726683989286861065e+00,2.134403764841863607e-15,2.137179322403426340e-15
7.904999999999765237e+01,1.123827244437289874e+00,1.019461036311793301e+00,1.726683989286861065e+00,2.134403764841863607e-15,2.137179322403426340e-15
7.909999999999764952e+01,1.123827244437289874e+00,1.019461036311793301e+00,1.726683989286861065e+00,2.134403764841863607e-15,2.137179322403426340e-15
7.914999999999764668e+01,1.123827244437289874e+00,1.019461036311793301e+00,1.726683989286861065e+00,2.134403764841863607e-15,2.137179322403426340e-15
7.919999999999764384e+01,1.123827244437289874e+00,1.019461036311793301e+00,1.726683989286861065e+00,2.134403764841863607e-15,2.137179322403426340e-15
7.924999999999764100e+01,1.123827244437289874e+00,1.019461036311793301e+00,1.726683989286861065e+00,2.134403764841863607e-15,2.137179322403426340e-15
7.929999999999763816e+01,1.123827244437289874e+00,1.019461036311793301e+00,1.726683989286861065e+00,2.134403764841863607e-15,2.137179322403426340e-15
7.934999999999763531e+01,1.123827244437289874e+00,1.019461036311793301e+00,1.726683989286861065e+00,2.134403764841863607e-15,2.137179322403426340e-15
7.939999999999763247e+01,1.123827244437289874e+00,1.019461036311793301e+00,1.726683989286861065e+00,2.134403764841863607e-15,2.137179322403426340e-15
7.944999999999762963e+01,1.123827244437289874e+00,1.019461036311793301e+00,1.726683989286861065e+00,2.134403764841863607e-15,2.137179322403426340e-15
7.949999999999762679e+01,1.123827244437289874e+00,1.019461036311793301e+00,1.726683989286861065e+00,2.134403764841863607e-15,2.137179322403426340e-15
7.954999999999762395e+01,1.123827244437289874e+00,1.019461036311793301e+00,1.726683989286861065e+00,2.134403764841863607e-15,2.137179322403426340e-15
7.959999999999762110e+01,1.123827244437289874e+00,1.019461036311793301e+00,1.726683989286861065e+00,2.134403764841863607e-15,2.137179322403426340e-15
7.964999999999761826e+01,1.123827244437289874e+00,1.019461036311793301e+00,1.726683989286861065e+00,2.134403764841863607e-15,2.137179322403426340e-15
7.969999999999761542e+01,1.123827244437289874e+00,1.019461036311793301e+00,1.726683989286861065e+00,2.134403764841863607e-15,2.137179322403426340e-15
7.974999999999761258e+01,1.123827244437289874e+00,1.019461036311793301e+00,1.726683989286861065e+00,2.134403764841863607e-15,2.137179322403426340e-15
7.979999999999760973e+01,1.123827244437289874e+00,1.019461036311793301e+00,1.726683989286861065e+00,2.134403764841863607e-15,2.137179322403426340e-15
7.984999999999760689e+01,1.123827244437289874e+00,1.019461036311793301e+00,1.726683989286861065e+00,2.134403764841863607e-15,2.137179322403426340e-15
7.989999999999760405e+01,1.123827244437289874e+00,1.019461036311793301e+00,1.726683989286861065e+00,2.134403764841863607e-15,2.137179322403426340e-15
7.994999999999760121e+01,1.123827244437289874e+00,1.019461036311793301e+00,1.726683989286861065e+00,2.134403764841863607e-15,2.137179322403426340e-15
7.999999999999759837e+01,1.123827244437289874e+00,1.019461036311793301e+00,1.726683989286861065e+00,2.134403764841863607e-15,2.137179322403426340e-15
8.004999999999759552e+01,1.123827244437289874e+00,1.019461036311793301e+00,1.726683989286861065e+00,2.134403764841863607e-15,2.137179322403426340e-15
8.009999999999759268e+01,1.123827244437289874e+00,1.019461036311793301e+00,1.726683989286861065e+00,2.134403764841863607e-15,2.137179322403426340e-15
8.014999999999758984e+01,1.123827244437289874e+00,1.019461036311793301e+00,1.726683989286861065e+00,2.134403764841863607e-15,2.137179322403426340e-15
8.019999999999758700e+01,1.123827244437289874e+00,1.019461036311793301e+00,1.726683989286861065e+00,2.134403764841863607e-15,2.137179322403426340e-15
8.024999999999758415e+01,1.123827244437289874e+00,1.019461036311793301e+00,1.726683989286861065e+00,2.134403764841863607e-15,2.137179322403426340e-15
8.029999999999758131e+01,1.123827244437289874e+00,1.019461036311793301e+00,1.726683989286861065e+00,2.134403764841863607e-15,2.137179322403426340e-15
8.034999999999757847e+01,1.123827244437289874e+00,1.019461036311793301e+00,1.726683989286861065e+00,2.134403764841863607e-15,2.137179322403426340e-15
8.039999999999757563e+01,1.123827244437289874e+00,1.019461036311793301e+00,1.726683989286861065e+00,2.134403764841863607e-15,2.137179322403426340e-15
8.044999999999757279e+01,1.123827244437289874e+00,1.019461036311793301e+00,1.726683989286861065e+00,2.134403764841863607e-15,2.137179322403426340e-15
8.049999999999756994e+01,1.123827244437289874e+00,1.019461036311793301e+00,1.726683989286861065e+00,2.134403764841863607e-15,2.137179322403426340e-15
8.054999999999756710e+01,1.123827244437289874e+00,1.019461036311793301e+00,1.726683989286861065e+00,2.134403764841863607e-15,2.137179322403426340e-15
8.059999999999756426e+01,1.123827244437289874e+00,1.019461036311793301e+00,1.726683989286861065e+00,2.134403764841863607e-15,2.137179322403426340e-15
8.064999999999756142e+01,1.123827244437289874e+00,1.019461036311793301e+00,1.726683989286861065e+00,2.134403764841863607e-15,2.137179322403426340e-15
8.069999999999755858e+01,1.123827244437289874e+00,1.019461036311793301e+00,1.726683989286861065e+00,2.134403764841863607e-15,2.137179322403426340e-15
8.074999999999755573e+01,1.123827244437289874e+00,1.019461036311793301e+00,1.726683989286861065e+00,2.134403764841863607e-15,2.137179322403426340e-15
8.079999999999755289e+01,1.123827244437289874e+00,1.019461036311793301e+00,1.726683989286861065e+00,2.134403764841863607e-15,2.137179322403426340e-15
8.084999999999755005e+01,1.123827244437289874e+00,1.019461036311793301e+00,1.726683989286861065e+00,2.134403764841863607e-15,2.137179322403426340e-15
8.089999999999754721e+01,1.123827244437289874e+00,1.019461036311793301e+00,1.726683989286861065e+00,2.134403764841863607e-15,2.137179322403426340e-15
8.094999999999754436e+01,1.123827244437289874e+00,1.019461036311793301e+00,1.726683989286861065e+00,2.134403764841863607e-15,2.137179322403426340e-15
8.099999999999754152e+01,1.123827244437289874e+00,1.019461036311793301e+00,1.726683989286861065e+00,2.134403764841863607e-15,2.137179322403426340e-15
8.104999999999753868e+01,1.123827244437289874e+00,1.019461036311793301e+00,1.726683989286861065e+00,2.134403764841863607e-15,2.137179322403426340e-15
8.109999999999753584e+01,1.123827244437289874e+00,1.019461036311793301e+00,1.726683989286861065e+00,2.134403764841863607e-15,2.137179322403426340e-15
8.114999999999753300e+01,1.123827244437289874e+00,1.019461036311793301e+00,1.726683989286861065e+00,2.134403764841863607e-15,2.137179322403426340e-15
8.119999999999753015e+01,1.123827244437289874e+00,1.019461036311793301e+00,1.726683989286861065e+00,2.134403764841863607e-15,2.137179322403426340e-15
8.124999999999752731e+01,1.123827244437289874e+00,1.019461036311793301e+00,1.726683989286861065e+00,2.134403764841863607e-15,2.137179322403426340e-15
8.129999999999752447e+01,1.123827244437289874e+00,1.019461036311793301e+00,1.726683989286861065e+00,2.134403764841863607e-15,2.137179322403426340e-15
8.134999999999752163e+01,1.123827244437289874e+00,1.019461036311793301e+00,1.726683989286861065e+00,2.134403764841863607e-15,2.137179322403426340e-15
8.139999999999751878e+01,1.123827244437289874e+00,1.019461036311793301e+00,1.726683989286861065e+00,2.134403764841863607e-15,2.137179322403426340e-15
8.144999999999751594e+01,1.123827244437289874e+00,1.019461036311793301e+00,1.726683989286861065e+00,2.134403764841863607e-15,2.137179322403426340e-15
8.149999999999751310e+01,1.123827244437289874e+00,1.019461036311793301e+00,1.726683989286861065e+00,2.134403764841863607e-15,2.137179322403426340e-15
8.154999999999751026e+01,1.123827244437289874e+00,1.019461036311793301e+00,1.726683989286861065e+00,2.134403764841863607e-15,2.137179322403426340e-15
8.159999999999750742e+01,1.123827244437289874e+00,1.019461036311793301e+00,1.726683989286861065e+00,2.134403764841863607e-15,2.137179322403426340e-15
8.164999999999750457e+01,1.123827244437289874e+00,1.019461036311793301e+00,1.726683989286861065e+00,2.134403764841863607e-15,2.137179322403426340e-15
8.169999999999750173e+01,1.123827244437289874e+00,1.019461036311793301e+00,1.726683989286861065e+00,2.134403764841863607e-15,2.137179322403426340e-15
8.174999999999749889e+01,1.123827244437289874e+00,1.019461036311793301e+00,1.726683989286861065e+00,2.134403764841863607e-15,2.137179322403426340e-15
8.179999999999749605e+01,1.123827244437289874e+00,1.019461036311793301e+00,1.726683989286861065e+00,2.134403764841863607e-15,2.137179322403426340e-15
8.184999999999749321e+01,1.123827244437289874e+00,1.019461036311793301e+00,1.726683989286861065e+00,2.134403764841863607e-15,2.137179322403426340e-15
8.189999999999749036e+01,1.123827244437289874e+00,1.019461036311793301e+00,1.726683989286861065e+00,2.134403764841863607e-15,2.137179322403426340e-15
8.194999999999748752e+01,1.123827244437289874e+00,1.019461036311793301e+00,1.726683989286861065e+00,2.134403764841863607e-15,2.137179322403426340e-15
8.199999999999748468e+01,1.123827244437289874e+00,1.019461036311793301e+00,1.726683989286861065e+00,2.134403764841863607e-15,2.137179322403426340e-15
8.204999999999748184e+01,1.123827244437289874e+00,1.019461036311793301e+00,1.726683989286861065e+00,2.134403764841863607e-15,2.137179322403426340e-15
8.209999999999747899e+01,1.123827244437289874e+00,1.019461036311793301e+00,1.726683989286861065e+00,2.134403764841863607e-15,2.137179322403426340e-15
8.214999999999747615e+01,1.123827244437289874e+00,1.019461036311793301e+00,1.726683989286861065e+00,2.134403764841863607e-15,2.137179322403426340e-15
8.219999999999747331e+01,1.123827244437289874e+00,1.019461036311793301e+00,1.726683989286861065e+00,2.134403764841863607e-15,2.137179322403426340e-15
8.224999999999747047e+01,1.123827244437289874e+00,1.019461036311793301e+00,1.726683989286861065e+00,2.134403764841863607e-15,2.137179322403426340e-15
8.229999999999746763e+01,1.123827244437289874e+00,1.019461036311793301e+00,1.726683989286861065e+00,2.134403764841863607e-15,2.137179322403426340e-15
8.234999999999746478e+01,1.123827244437289874e+00,1.019461036311793301e+00,1.726683989286861065e+00,2.134403764841863607e-15,2.137179322403426340e-15
8.239999999999746194e+01,1.123827244437289874e+00,1.019461036311793301e+00,1.726683989286861065e+00,2.134403764841863607e-15,2.137179322403426340e-15
8.244999999999745910e+01,1.123827244437289874e+00,1.019461036311793301e+00,1.726683989286861065e+00,2.134403764841863607e-15,2.137179322403426340e-15
8.249999999999745626e+01,1.123827244437289874e+00,1.019461036311793301e+00,1.726683989286861065e+00,2.134403764841863607e-15,2.137179322403426340e-15
8.254999999999745341e+01,1.123827244437289874e+00,1.019461036311793301e+00,1.726683989286861065e+00,2.134403764841863607e-15,2.137179322403426340e-15
8.259999999999745057e+01,1.123827244437289874e+00,1.019461036311793301e+00,1.726683989286861065e+00,2.134403764841863607e-15,2.137179322403426340e-15
8.264999999999744773e+01,1.123827244437289874e+00,1.019461036311793301e+00,1.726683989286861065e+00,2.134403764841863607e-15,2.137179322403426340e-15
8.269999999999744489e+01,1.123827244437289874e+00,1.019461036311793301e+00,1.726683989286861065e+00,2.134403764841863607e-15,2.137179322403426340e-15
8.274999999999744205e+01,1.123827244437289874e+00,1.019461036311793301e+00,1.726683989286861065e+00,2.134403764841863607e-15,2.137179322403426340e-15
8.279999999999743920e+01,1.123827244437289874e+00,1.019461036311793301e+00,1.726683989286861065e+00,2.134403764841863607e-15,2.137179322403426340e-15
8.284999999999743636e+01,1.123827244437289874e+00,1.019461036311793301e+00,1.726683989286861065e+00,2.134403764841863607e-15,2.137179322403426340e-15
8.289999999999743352e+01,1.123827244437289874e+00,1.019461036311793301e+00,1.726683989286861065e+00,2.134403764841863607e-15,2.137179322403426340e-15
8.294999999999743068e+01,1.123827244437289874e+00,1.019461036311793301e+00,1.726683989286861065e+00,2.134403764841863607e-15,2.137179322403426340e-15
8.299999999999742784e+01,1.123827244437289874e+00,1.019461036311793301e+00,1.726683989286861065e+00,2.134403764841863607e-15,2.137179322403426340e-15
8.304999999999742499e+01,1.123827244437289874e+00,1.019461036311793301e+00,1.726683989286861065e+00,2.134403764841863607e-15,2.137179322403426340e-15
8.309999999999742215e+01,1.123827244437289874e+00,1.019461036311793301e+00,1.726683989286861065e+00,2.134403764841863607e-15,2.137179322403426340e-15
8.314999999999741931e+01,1.123827244437289874e+00,1.019461036311793301e+00,1.726683989286861065e+00,2.134403764841863607e-15,2.137179322403426340e-15
8.319999999999741647e+01,1.123827244437289874e+00,1.019461036311793301e+00,1.726683989286861065e+00,2.134403764841863607e-15,2.137179322403426340e-15
8.324999999999741362e+01,1.123827244437289874e+00,1.019461036311793301e+00,1.726683989286861065e+00,2.134403764841863607e-15,2.137179322403426340e-15
8.329999999999741078e+01,1.123827244437289874e+00,1.019461036311793301e+00,1.726683989286861065e+00,2.134403764841863607e-15,2.137179322403426340e-15
8.334999999999740794e+01,1.123827244437289874e+00,1.019461036311793301e+00,1.726683989286861065e+00,2.134403764841863607e-15,2.137179322403426340e-15
8.339999999999740510e+01,1.123827244437289874e+00,1.019461036311793301e+00,1.726683989286861065e+00,2.134403764841863607e-15,2.137179322403426340e-15
8.344999999999740226e+01,1.123827244437289874e+00,1.019461036311793301e+00,1.726683989286861065e+00,2.134403764841863607e-15,2.137179322403426340e-15
8.349999999999739941e+01,1.123827244437289874e+00,1.019461036311793301e+00,1.726683989286861065e+00,2.134403764841863607e-15,2.137179322403426340e-15
8.354999999999739657e+01,1.123827244437289874e+00,1.019461036311793301e+00,1.726683989286861065e+00,2.134403764841863607e-15,2.137179322403426340e-15
8.359999999999739373e+01,1.123827244437289874e+00,1.019461036311793301e+00,1.726683989286861065e+00,2.134403764841863607e-15,2.137179322403426340e-15
8.364999999999739089e+01,1.123827244437289874e+00,1.019461036311793301e+00,1.726683989286861065e+00,2.134403764841863607e-15,2.137179322403426340e-15
8.369999999999738804e+01,1.123827244437289874e+00,1.019461036311793301e+00,1.726683989286861065e+00,2.134403764841863607e-15,2.137179322403426340e-15
8.374999999999738520e+01,1.123827244437289874e+00,1.019461036311793301e+00,1.726683989286861065e+00,2.134403764841863607e-15,2.137179322403426340e-15
8.379999999999738236e+01,1.123827244437289874e+00,1.019461036311793301e+00,1.726683989286861065e+00,2.134403764841863607e-15,2.137179322403426340e-15
8.384999999999737952e+01,1.123827244437289874e+00,1.019461036311793301e+00,1.726683989286861065e+00,2.134403764841863607e-15,2.137179322403426340e-15
8.389999999999737668e+01,1.123827244437289874e+00,1.019461036311793301e+00,1.726683989286861065e+00,2.134403764841863607e-15,2.137179322403426340e-15
8.394999999999737383e+01,1.123827244437289874e+00,1.019461036311793301e+00,1.726683989286861065e+00,2.134403764841863607e-15,2.137179322403426340e-15
8.399999999999737099e+01,1.123827244437289874e+00,1.019461036311793301e+00,1.726683989286861065e+00,2.134403764841863607e-15,2.137179322403426340e-15
8.404999999999736815e+01,1.123827244437289874e+00,1.019461036311793301e+00,1.726683989286861065e+00,2.134403764841863607e-15,2.137179322403426340e-15
8.409999999999736531e+01,1.123827244437289874e+00,1.019461036311793301e+00,1.726683989286861065e+00,2.134403764841863607e-15,2.137179322403426340e-15
8.414999999999736247e+01,1.123827244437289874e+00,1.019461036311793301e+00,1.726683989286861065e+00,2.134403764841863607e-15,2.137179322403426340e-15
8.419999999999735962e+01,1.123827244437289874e+00,1.019461036311793301e+00,1.726683989286861065e+00,2.134403764841863607e-15,2.137179322403426340e-15
8.424999999999735678e+01,1.123827244437289874e+00,1.019461036311793301e+00,1.726683989286861065e+00,2.134403764841863607e-15,2.137179322403426340e-15
8.429999999999735394e+01,1.123827244437289874e+00,1.019461036311793301e+00,1.726683989286861065e+00,2.134403764841863607e-15,2.137179322403426340e-15
8.434999999999735110e+01,1.123827244437289874e+00,1.019461036311793301e+00,1.726683989286861065e+00,2.134403764841863607e-15,2.137179322403426340e-15
8.439999999999734825e+01,1.123827244437289874e+00,1.019461036311793301e+00,1.726683989286861065e+00,2.134403764841863607e-15,2.137179322403426340e-15
8.444999999999734541e+01,1.123827244437289874e+00,1.019461036311793301e+00,1.726683989286861065e+00,2.134403764841863607e-15,2.137179322403426340e-15
8.449999999999734257e+01,1.123827244437289874e+00,1.019461036311793301e+00,1.726683989286861065e+00,2.134403764841863607e-15,2.137179322403426340e-15
8.454999999999733973e+01,1.123827244437289874e+00,1.019461036311793301e+00,1.726683989286861065e+00,2.134403764841863607e-15,2.137179322403426340e-15
8.459999999999733689e+01,1.123827244437289874e+00,1.019461036311793301e+00,1.726683989286861065e+00,2.134403764841863607e-15,2.137179322403426340e-15
8.464999999999733404e+01,1.123827244437289874e+00,1.019461036311793301e+00,1.726683989286861065e+00,2.134403764841863607e-15,2.137179322403426340e-15
8.469999999999733120e+01,1.123827244437289874e+00,1.019461036311793301e+00,1.726683989286861065e+00,2.134403764841863607e-15,2.137179322403426340e-15
8.474999999999732836e+01,1.123827244437289874e+00,1.019461036311793301e+00,1.726683989286861065e+00,2.134403764841863607e-15,2.137179322403426340e-15
8.479999999999732552e+01,1.123827244437289874e+00,1.019461036311793301e+00,1.726683989286861065e+00,2.134403764841863607e-15,2.137179322403426340e-15
8.484999999999732267e+01,1.123827244437289874e+00,1.019461036311793301e+00,1.726683989286861065e+00,2.134403764841863607e-15,2.137179322403426340e-15
8.489999999999731983e+01,1.123827244437289874e+00,1.019461036311793301e+00,1.726683989286861065e+00,2.134403764841863607e-15,2.137179322403426340e-15
8.494999999999731699e+01,1.123827244437289874e+00,1.019461036311793301e+00,1.726683989286861065e+00,2.134403764841863607e-15,2.137179322403426340e-15
8.499999999999731415e+01,1.123827244437289874e+00,1.019461036311793301e+00,1.726683989286861065e+00,2.134403764841863607e-15,2.137179322403426340e-15
8.504999999999731131e+01,1.123827244437289874e+00,1.019461036311793301e+00,1.726683989286861065e+00,2.134403764841863607e-15,2.137179322403426340e-15
8.509999999999730846e+01,1.123827244437289874e+00,1.019461036311793301e+00,1.726683989286861065e+00,2.134403764841863607e-15,2.137179322403426340e-15
8.514999999999730562e+01,1.123827244437289874e+00,1.019461036311793301e+00,1.726683989286861065e+00,2.134403764841863607e-15,2.137179322403426340e-15
8.519999999999730278e+01,1.123827244437289874e+00,1.019461036311793301e+00,1.726683989286861065e+00,2.134403764841863607e-15,2.137179322403426340e-15
8.524999999999729994e+01,1.123827244437289874e+00,1.019461036311793301e+00,1.726683989286861065e+00,2.134403764841863607e-15,2.137179322403426340e-15
8.529999999999729710e+01,1.123827244437289874e+00,1.019461036311793301e+00,1.726683989286861065e+00,2.134403764841863607e-15,2.137179322403426340e-15
8.534999999999729425e+01,1.123827244437289874e+00,1.019461036311793301e+00,1.726683989286861065e+00,2.134403764841863607e-15,2.137179322403426340e-15
8.539999999999729141e+01,1.123827244437289874e+00,1.019461036311793301e+00,1.726683989286861065e+00,2.134403764841863607e-15,2.137179322403426340e-15
8.544999999999728857e+01,1.123827244437289874e+00,1.019461036311793301e+00,1.726683989286861065e+00,2.134403764841863607e-15,2.137179322403426340e-15
8.549999999999728573e+01,1.123827244437289874e+00,1.019461036311793301e+00,1.726683989286861065e+00,2.134403764841863607e-15,2.137179322403426340e-15
8.554999999999728288e+01,1.123827244437289874e+00,1.019461036311793301e+00,1.726683989286861065e+00,2.134403764841863607e-15,2.137179322403426340e-15
8.559999999999728004e+01,1.123827244437289874e+00,1.019461036311793301e+00,1.726683989286861065e+00,2.134403764841863607e-15,2.137179322403426340e-15
8.564999999999727720e+01,1.123827244437289874e+00,1.019461036311793301e+00,1.726683989286861065e+00,2.134403764841863607e-15,2.137179322403426340e-15
8.569999999999727436e+01,1.123827244437289874e+00,1.019461036311793301e+00,1.726683989286861065e+00,2.134403764841863607e-15,2.137179322403426340e-15
8.574999999999727152e+01,1.123827244437289874e+00,1.019461036311793301e+00,1.726683989286861065e+00,2.134403764841863607e-15,2.137179322403426340e-15
8.579999999999726867e+01,1.123827244437289874e+00,1.019461036311793301e+00,1.726683989286861065e+00,2.134403764841863607e-15,2.137179322403426340e-15
8.584999999999726583e+01,1.123827244437289874e+00,1.019461036311793301e+00,1.726683989286861065e+00,2.134403764841863607e-15,2.137179322403426340e-15
8.589999999999726299e+01,1.123827244437289874e+00,1.019461036311793301e+00,1.726683989286861065e+00,2.134403764841863607e-15,2.137179322403426340e-15
8.594999999999726015e+01,1.123827244437289874e+00,1.019461036311793301e+00,1.726683989286861065e+00,2.134403764841863607e-15,2.137179322403426340e-15
8.599999999999725731e+01,1.123827244437289874e+00,1.019461036311793301e+00,1.726683989286861065e+00,2.134403764841863607e-15,2.137179322403426340e-15
8.604999999999725446e+01,1.123827244437289874e+00,1.019461036311793301e+00,1.726683989286861065e+00,2.134403764841863607e-15,2.137179322403426340e-15
8.609999999999725162e+01,1.123827244437289874e+00,1.019461036311793301e+00,1.726683989286861065e+00,2.134403764841863607e-15,2.137179322403426340e-15
8.614999999999724878e+01,1.123827244437289874e+00,1.019461036311793301e+00,1.726683989286861065e+00,2.134403764841863607e-15,2.137179322403426340e-15
8.619999999999724594e+01,1.123827244437289874e+00,1.019461036311793301e+00,1.726683989286861065e+00,2.134403764841863607e-15,2.137179322403426340e-15
8.624999999999724309e+01,1.123827244437289874e+00,1.019461036311793301e+00,1.726683989286861065e+00,2.134403764841863607e-15,2.137179322403426340e-15
8.629999999999724025e+01,1.123827244437289874e+00,1.019461036311793301e+00,1.726683989286861065e+00,2.134403764841863607e-15,2.137179322403426340e-15
8.634999999999723741e+01,1.123827244437289874e+00,1.019461036311793301e+00,1.726683989286861065e+00,2.134403764841863607e-15,2.137179322403426340e-15
8.639999999999723457e+01,1.123827244437289874e+00,1.019461036311793301e+00,1.726683989286861065e+00,2.134403764841863607e-15,2.137179322403426340e-15
8.644999999999723173e+01,1.123827244437289874e+00,1.019461036311793301e+00,1.726683989286861065e+00,2.134403764841863607e-15,2.137179322403426340e-15
8.649999999999722888e+01,1.123827244437289874e+00,1.019461036311793301e+00,1.726683989286861065e+00,2.134403764841863607e-15,2.137179322403426340e-15
8.654999999999722604e+01,1.123827244437289874e+00,1.019461036311793301e+00,1.726683989286861065e+00,2.134403764841863607e-15,2.137179322403426340e-15
8.659999999999722320e+01,1.123827244437289874e+00,1.019461036311793301e+00,1.726683989286861065e+00,2.134403764841863607e-15,2.137179322403426340e-15
8.664999999999722036e+01,1.123827244437289874e+00,1.019461036311793301e+00,1.726683989286861065e+00,2.134403764841863607e-15,2.137179322403426340e-15
8.669999999999721751e+01,1.123827244437289874e+00,1.019461036311793301e+00,1.726683989286861065e+00,2.134403764841863607e-15,2.137179322403426340e-15
8.674999999999721467e+01,1.123827244437289874e+00,1.019461036311793301e+00,1.726683989286861065e+00,2.134403764841863607e-15,2.137179322403426340e-15
8.679999999999721183e+01,1.123827244437289874e+00,1.019461036311793301e+00,1.726683989286861065e+00,2.134403764841863607e-15,2.137179322403426340e-15
8.684999999999720899e+01,1.123827244437289874e+00,1.019461036311793301e+00,1.726683989286861065e+00,2.134403764841863607e-15,2.137179322403426340e-15
8.689999999999720615e+01,1.123827244437289874e+00,1.019461036311793301e+00,1.726683989286861065e+00,2.134403764841863607e-15,2.137179322403426340e-15
8.694999999999720330e+01,1.123827244437289874e+00,1.019461036311793301e+00,1.726683989286861065e+00,2.134403764841863607e-15,2.137179322403426340e-15
8.699999999999720046e+01,1.123827244437289874e+00,1.019461036311793301e+00,1.726683989286861065e+00,2.134403764841863607e-15,2.137179322403426340e-15
8.704999999999719762e+01,1.123827244437289874e+00,1.019461036311793301e+00,1.726683989286861065e+00,2.134403764841863607e-15,2.137179322403426340e-15
8.709999999999719478e+01,1.123827244437289874e+00,1.019461036311793301e+00,1.726683989286861065e+00,2.134403764841863607e-15,2.137179322403426340e-15
8.714999999999719194e+01,1.123827244437289874e+00,1.019461036311793301e+00,1.726683989286861065e+00,2.134403764841863607e-15,2.137179322403426340e-15
8.719999999999718909e+01,1.123827244437289874e+00,1.019461036311793301e+00,1.726683989286861065e+00,2.134403764841863607e-15,2.137179322403426340e-15
8.724999999999718625e+01,1.123827244437289874e+00,1.019461036311793301e+00,1.726683989286861065e+00,2.134403764841863607e-15,2.137179322403426340e-15
8.729999999999718341e+01,1.123827244437289874e+00,1.019461036311793301e+00,1.726683989286861065e+00,2.134403764841863607e-15,2.137179322403426340e-15
8.734999999999718057e+01,1.123827244437289874e+00,1.019461036311793301e+00,1.726683989286861065e+00,2.134403764841863607e-15,2.137179322403426340e-15
8.739999999999717772e+01,1.123827244437289874e+00,1.019461036311793301e+00,1.726683989286861065e+00,2.134403764841863607e-15,2.137179322403426340e-15
8.744999999999717488e+01,1.123827244437289874e+00,1.019461036311793301e+00,1.726683989286861065e+00,2.134403764841863607e-15,2.137179322403426340e-15
8.749999999999717204e+01,1.123827244437289874e+00,1.019461036311793301e+00,1.726683989286861065e+00,2.134403764841863607e-15,2.137179322403426340e-15
8.754999999999716920e+01,1.123827244437289874e+00,1.019461036311793301e+00,1.726683989286861065e+00,2.134403764841863607e-15,2.137179322403426340e-15
8.759999999999716636e+01,1.123827244437289874e+00,1.019461036311793301e+00,1.726683989286861065e+00,2.134403764841863607e-15,2.137179322403426340e-15
8.764999999999716351e+01,1.123827244437289874e+00,1.019461036311793301e+00,1.726683989286861065e+00,2.134403764841863607e-15,2.137179322403426340e-15
8.769999999999716067e+01,1.123827244437289874e+00,1.019461036311793301e+00,1.726683989286861065e+00,2.134403764841863607e-15,2.137179322403426340e-15
8.774999999999715783e+01,1.123827244437289874e+00,1.019461036311793301e+00,1.726683989286861065e+00,2.134403764841863607e-15,2.137179322403426340e-15
8.779999999999715499e+01,1.123827244437289874e+00,1.019461036311793301e+00,1.726683989286861065e+00,2.134403764841863607e-15,2.137179322403426340e-15
8.784999999999715214e+01,1.123827244437289874e+00,1.019461036311793301e+00,1.726683989286861065e+00,2.134403764841863607e-15,2.137179322403426340e-15
8.789999999999714930e+01,1.123827244437289874e+00,1.019461036311793301e+00,1.726683989286861065e+00,2.134403764841863607e-15,2.137179322403426340e-15
8.794999999999714646e+01,1.123827244437289874e+00,1.019461036311793301e+00,1.726683989286861065e+00,2.134403764841863607e-15,2.137179322403426340e-15
8.799999999999714362e+01,1.123827244437289874e+00,1.019461036311793301e+00,1.726683989286861065e+00,2.134403764841863607e-15,2.137179322403426340e-15
8.804999999999714078e+01,1.123827244437289874e+00,1.019461036311793301e+00,1.726683989286861065e+00,2.134403764841863607e-15,2.137179322403426340e-15
8.809999999999713793e+01,1.123827244437289874e+00,1.019461036311793301e+00,1.726683989286861065e+00,2.134403764841863607e-15,2.137179322403426340e-15
8.814999999999713509e+01,1.123827244437289874e+00,1.019461036311793301e+00,1.726683989286861065e+00,2.134403764841863607e-15,2.137179322403426340e-15
8.819999999999713225e+01,1.123827244437289874e+00,1.019461036311793301e+00,1.726683989286861065e+00,2.134403764841863607e-15,2.137179322403426340e-15
8.824999999999712941e+01,1.123827244437289874e+00,1.019461036311793301e+00,1.726683989286861065e+00,2.134403764841863607e-15,2.137179322403426340e-15
8.829999999999712657e+01,1.123827244437289874e+00,1.019461036311793301e+00,1.726683989286861065e+00,2.134403764841863607e-15,2.137179322403426340e-15
8.834999999999712372e+01,1.123827244437289874e+00,1.019461036311793301e+00,1.726683989286861065e+00,2.134403764841863607e-15,2.137179322403426340e-15
8.839999999999712088e+01,1.123827244437289874e+00,1.019461036311793301e+00,1.726683989286861065e+00,2.134403764841863607e-15,2.137179322403426340e-15
8.844999999999711804e+01,1.123827244437289874e+00,1.019461036311793301e+00,1.726683989286861065e+00,2.134403764841863607e-15,2.137179322403426340e-15
8.849999999999711520e+01,1.123827244437289874e+00,1.019461036311793301e+00,1.726683989286861065e+00,2.134403764841863607e-15,2.137179322403426340e-15
8.854999999999711235e+01,1.123827244437289874e+00,1.019461036311793301e+00,1.726683989286861065e+00,2.134403764841863607e-15,2.137179322403426340e-15
8.859999999999710951e+01,1.123827244437289874e+00,1.019461036311793301e+00,1.726683989286861065e+00,2.134403764841863607e-15,2.137179322403426340e-15
8.864999999999710667e+01,1.123827244437289874e+00,1.019461036311793301e+00,1.726683989286861065e+00,2.134403764841863607e-15,2.137179322403426340e-15
8.869999999999710383e+01,1.123827244437289874e+00,1.019461036311793301e+00,1.726683989286861065e+00,2.134403764841863607e-15,2.137179322403426340e-15
8.874999999999710099e+01,1.123827244437289874e+00,1.019461036311793301e+00,1.726683989286861065e+00,2.134403764841863607e-15,2.137179322403426340e-15
8.879999999999709814e+01,1.123827244437289874e+00,1.019461036311793301e+00,1.726683989286861065e+00,2.134403764841863607e-15,2.137179322403426340e-15
8.884999999999709530e+01,1.123827244437289874e+00,1.019461036311793301e+00,1.726683989286861065e+00,2.134403764841863607e-15,2.137179322403426340e-15
8.889999999999709246e+01,1.123827244437289874e+00,1.019461036311793301e+00,1.726683989286861065e+00,2.134403764841863607e-15,2.137179322403426340e-15
8.894999999999708962e+01,1.123827244437289874e+00,1.019461036311793301e+00,1.726683989286861065e+00,2.134403764841863607e-15,2.137179322403426340e-15
8.899999999999708677e+01,1.123827244437289874e+00,1.019461036311793301e+00,1.726683989286861065e+00,2.134403764841863607e-15,2.137179322403426340e-15
8.904999999999708393e+01,1.123827244437289874e+00,1.019461036311793301e+00,1.726683989286861065e+00,2.134403764841863607e-15,2.137179322403426340e-15
8.909999999999708109e+01,1.123827244437289874e+00,1.019461036311793301e+00,1.726683989286861065e+00,2.134403764841863607e-15,2.137179322403426340e-15
8.914999999999707825e+01,1.123827244437289874e+00,1.019461036311793301e+00,1.726683989286861065e+00,2.134403764841863607e-15,2.137179322403426340e-15
8.919999999999707541e+01,1.123827244437289874e+00,1.019461036311793301e+00,1.726683989286861065e+00,2.134403764841863607e-15,2.137179322403426340e-15
8.924999999999707256e+01,1.123827244437289874e+00,1.019461036311793301e+00,1.726683989286861065e+00,2.134403764841863607e-15,2.137179322403426340e-15
8.929999999999706972e+01,1.123827244437289874e+00,1.019461036311793301e+00,1.726683989286861065e+00,2.134403764841863607e-15,2.137179322403426340e-15
8.934999999999706688e+01,1.123827244437289874e+00,1.019461036311793301e+00,1.726683989286861065e+00,2.134403764841863607e-15,2.137179322403426340e-15
8.939999999999706404e+01,1.123827244437289874e+00,1.019461036311793301e+00,1.726683989286861065e+00,2.134403764841863607e-15,2.137179322403426340e-15
8.944999999999706120e+01,1.123827244437289874e+00,1.019461036311793301e+00,1.726683989286861065e+00,2.134403764841863607e-15,2.137179322403426340e-15
8.949999999999705835e+01,1.123827244437289874e+00,1.019461036311793301e+00,1.726683989286861065e+00,2.134403764841863607e-15,2.137179322403426340e-15
8.954999999999705551e+01,1.123827244437289874e+00,1.019461036311793301e+00,1.726683989286861065e+00,2.134403764841863607e-15,2.137179322403426340e-15
8.959999999999705267e+01,1.123827244437289874e+00,1.019461036311793301e+00,1.726683989286861065e+00,2.134403764841863607e-15,2.137179322403426340e-15
8.964999999999704983e+01,1.123827244437289874e+00,1.019461036311793301e+00,1.726683989286861065e+00,2.134403764841863607e-15,2.137179322403426340e-15
8.969999999999704698e+01,1.123827244437289874e+00,1.019461036311793301e+00,1.726683989286861065e+00,2.134403764841863607e-15,2.137179322403426340e-15
8.974999999999704414e+01,1.123827244437289874e+00,1.019461036311793301e+00,1.726683989286861065e+00,2.134403764841863607e-15,2.137179322403426340e-15
8.979999999999704130e+01,1.123827244437289874e+00,1.019461036311793301e+00,1.726683989286861065e+00,2.134403764841863607e-15,2.137179322403426340e-15
8.984999999999703846e+01,1.123827244437289874e+00,1.019461036311793301e+00,1.726683989286861065e+00,2.134403764841863607e-15,2.137179322403426340e-15
8.989999999999703562e+01,1.123827244437289874e+00,1.019461036311793301e+00,1.726683989286861065e+00,2.134403764841863607e-15,2.137179322403426340e-15
8.994999999999703277e+01,1.123827244437289874e+00,1.019461036311793301e+00,1.726683989286861065e+00,2.134403764841863607e-15,2.137179322403426340e-15
8.999999999999702993e+01,1.123827244437289874e+00,1.019461036311793301e+00,1.726683989286861065e+00,2.134403764841863607e-15,2.137179322403426340e-15
9.004999999999702709e+01,1.123827244437289874e+00,1.019461036311793301e+00,1.726683989286861065e+00,2.134403764841863607e-15,2.137179322403426340e-15
9.009999999999702425e+01,1.123827244437289874e+00,1.019461036311793301e+00,1.726683989286861065e+00,2.134403764841863607e-15,2.137179322403426340e-15
9.014999999999702140e+01,1.123827244437289874e+00,1.019461036311793301e+00,1.726683989286861065e+00,2.134403764841863607e-15,2.137179322403426340e-15
9.019999999999701856e+01,1.123827244437289874e+00,1.019461036311793301e+00,1.726683989286861065e+00,2.134403764841863607e-15,2.137179322403426340e-15
9.024999999999701572e+01,1.123827244437289874e+00,1.019461036311793301e+00,1.726683989286861065e+00,2.134403764841863607e-15,2.137179322403426340e-15
9.029999999999701288e+01,1.123827244437289874e+00,1.019461036311793301e+00,1.726683989286861065e+00,2.134403764841863607e-15,2.137179322403426340e-15
9.034999999999701004e+01,1.123827244437289874e+00,1.019461036311793301e+00,1.726683989286861065e+00,2.134403764841863607e-15,2.137179322403426340e-15
9.039999999999700719e+01,1.123827244437289874e+00,1.019461036311793301e+00,1.726683989286861065e+00,2.134403764841863607e-15,2.137179322403426340e-15
9.044999999999700435e+01,1.123827244437289874e+00,1.019461036311793301e+00,1.726683989286861065e+00,2.134403764841863607e-15,2.137179322403426340e-15
9.049999999999700151e+01,1.123827244437289874e+00,1.019461036311793301e+00,1.726683989286861065e+00,2.134403764841863607e-15,2.137179322403426340e-15
9.054999999999699867e+01,1.123827244437289874e+00,1.019461036311793301e+00,1.726683989286861065e+00,2.134403764841863607e-15,2.137179322403426340e-15
9.059999999999699583e+01,1.123827244437289874e+00,1.019461036311793301e+00,1.726683989286861065e+00,2.134403764841863607e-15,2.137179322403426340e-15
9.064999999999699298e+01,1.123827244437289874e+00,1.019461036311793301e+00,1.726683989286861065e+00,2.134403764841863607e-15,2.137179322403426340e-15
9.069999999999699014e+01,1.123827244437289874e+00,1.019461036311793301e+00,1.726683989286861065e+00,2.134403764841863607e-15,2.137179322403426340e-15
9.074999999999698730e+01,1.123827244437289874e+00,1.019461036311793301e+00,1.726683989286861065e+00,2.134403764841863607e-15,2.137179322403426340e-15
9.079999999999698446e+01,1.123827244437289874e+00,1.019461036311793301e+00,1.726683989286861065e+00,2.134403764841863607e-15,2.137179322403426340e-15
9.084999999999698161e+01,1.123827244437289874e+00,1.019461036311793301e+00,1.726683989286861065e+00,2.134403764841863607e-15,2.137179322403426340e-15
9.089999999999697877e+01,1.123827244437289874e+00,1.019461036311793301e+00,1.726683989286861065e+00,2.134403764841863607e-15,2.137179322403426340e-15
9.094999999999697593e+01,1.123827244437289874e+00,1.019461036311793301e+00,1.726683989286861065e+00,2.134403764841863607e-15,2.137179322403426340e-15
9.099999999999697309e+01,1.123827244437289874e+00,1.019461036311793301e+00,1.726683989286861065e+00,2.134403764841863607e-15,2.137179322403426340e-15
9.104999999999697025e+01,1.123827244437289874e+00,1.019461036311793301e+00,1.726683989286861065e+00,2.134403764841863607e-15,2.137179322403426340e-15
9.109999999999696740e+01,1.123827244437289874e+00,1.019461036311793301e+00,1.726683989286861065e+00,2.134403764841863607e-15,2.137179322403426340e-15
9.114999999999696456e+01,1.123827244437289874e+00,1.019461036311793301e+00,1.726683989286861065e+00,2.134403764841863607e-15,2.137179322403426340e-15
9.119999999999696172e+01,1.123827244437289874e+00,1.019461036311793301e+00,1.726683989286861065e+00,2.134403764841863607e-15,2.137179322403426340e-15
9.124999999999695888e+01,1.123827244437289874e+00,1.019461036311793301e+00,1.726683989286861065e+00,2.134403764841863607e-15,2.137179322403426340e-15
9.129999999999695603e+01,1.123827244437289874e+00,1.019461036311793301e+00,1.726683989286861065e+00,2.134403764841863607e-15,2.137179322403426340e-15
9.134999999999695319e+01,1.123827244437289874e+00,1.019461036311793301e+00,1.726683989286861065e+00,2.134403764841863607e-15,2.137179322403426340e-15
9.139999999999695035e+01,1.123827244437289874e+00,1.019461036311793301e+00,1.726683989286861065e+00,2.134403764841863607e-15,2.137179322403426340e-15
9.144999999999694751e+01,1.123827244437289874e+00,1.019461036311793301e+00,1.726683989286861065e+00,2.134403764841863607e-15,2.137179322403426340e-15
9.149999999999694467e+01,1.123827244437289874e+00,1.019461036311793301e+00,1.726683989286861065e+00,2.134403764841863607e-15,2.137179322403426340e-15
9.154999999999694182e+01,1.123827244437289874e+00,1.019461036311793301e+00,1.726683989286861065e+00,2.134403764841863607e-15,2.137179322403426340e-15
9.159999999999693898e+01,1.123827244437289874e+00,1.019461036311793301e+00,1.726683989286861065e+00,2.134403764841863607e-15,2.137179322403426340e-15
9.164999999999693614e+01,1.123827244437289874e+00,1.019461036311793301e+00,1.726683989286861065e+00,2.134403764841863607e-15,2.137179322403426340e-15
9.169999999999693330e+01,1.123827244437289874e+00,1.019461036311793301e+00,1.726683989286861065e+00,2.134403764841863607e-15,2.137179322403426340e-15
9.174999999999693046e+01,1.123827244437289874e+00,1.019461036311793301e+00,1.726683989286861065e+00,2.134403764841863607e-15,2.137179322403426340e-15
9.179999999999692761e+01,1.123827244437289874e+00,1.019461036311793301e+00,1.726683989286861065e+00,2.134403764841863607e-15,2.137179322403426340e-15
9.184999999999692477e+01,1.123827244437289874e+00,1.019461036311793301e+00,1.726683989286861065e+00,2.134403764841863607e-15,2.137179322403426340e-15
9.189999999999692193e+01,1.123827244437289874e+00,1.019461036311793301e+00,1.726683989286861065e+00,2.134403764841863607e-15,2.137179322403426340e-15
9.194999999999691909e+01,1.123827244437289874e+00,1.019461036311793301e+00,1.726683989286861065e+00,2.134403764841863607e-15,2.137179322403426340e-15
9.199999999999691624e+01,1.123827244437289874e+00,1.019461036311793301e+00,1.726683989286861065e+00,2.134403764841863607e-15,2.137179322403426340e-15
9.204999999999691340e+01,1.123827244437289874e+00,1.019461036311793301e+00,1.726683989286861065e+00,2.134403764841863607e-15,2.137179322403426340e-15
9.209999999999691056e+01,1.123827244437289874e+00,1.019461036311793301e+00,1.726683989286861065e+00,2.134403764841863607e-15,2.137179322403426340e-15
9.214999999999690772e+01,1.123827244437289874e+00,1.019461036311793301e+00,1.726683989286861065e+00,2.134403764841863607e-15,2.137179322403426340e-15
9.219999999999690488e+01,1.123827244437289874e+00,1.019461036311793301e+00,1.726683989286861065e+00,2.134403764841863607e-15,2.137179322403426340e-15
9.224999999999690203e+01,1.123827244437289874e+00,1.019461036311793301e+00,1.726683989286861065e+00,2.134403764841863607e-15,2.137179322403426340e-15
9.229999999999689919e+01,1.123827244437289874e+00,1.019461036311793301e+00,1.726683989286861065e+00,2.134403764841863607e-15,2.137179322403426340e-15
9.234999999999689635e+01,1.123827244437289874e+00,1.019461036311793301e+00,1.726683989286861065e+00,2.134403764841863607e-15,2.137179322403426340e-15
9.239999999999689351e+01,1.123827244437289874e+00,1.019461036311793301e+00,1.726683989286861065e+00,2.134403764841863607e-15,2.137179322403426340e-15
9.244999999999689066e+01,1.123827244437289874e+00,1.019461036311793301e+00,1.726683989286861065e+00,2.134403764841863607e-15,2.137179322403426340e-15
9.249999999999688782e+01,1.123827244437289874e+00,1.019461036311793301e+00,1.726683989286861065e+00,2.134403764841863607e-15,2.137179322403426340e-15
9.254999999999688498e+01,1.123827244437289874e+00,1.019461036311793301e+00,1.726683989286861065e+00,2.134403764841863607e-15,2.137179322403426340e-15
9.259999999999688214e+01,1.123827244437289874e+00,1.019461036311793301e+00,1.726683989286861065e+00,2.134403764841863607e-15,2.137179322403426340e-15
9.264999999999687930e+01,1.123827244437289874e+00,1.019461036311793301e+00,1.726683989286861065e+00,2.134403764841863607e-15,2.137179322403426340e-15
9.269999999999687645e+01,1.123827244437289874e+00,1.019461036311793301e+00,1.726683989286861065e+00,2.134403764841863607e-15,2.137179322403426340e-15
9.274999999999687361e+01,1.123827244437289874e+00,1.019461036311793301e+00,1.726683989286861065e+00,2.134403764841863607e-15,2.137179322403426340e-15
9.279999999999687077e+01,1.123827244437289874e+00,1.019461036311793301e+00,1.726683989286861065e+00,2.134403764841863607e-15,2.137179322403426340e-15
9.284999999999686793e+01,1.123827244437289874e+00,1.019461036311793301e+00,1.726683989286861065e+00,2.134403764841863607e-15,2.137179322403426340e-15
9.289999999999686509e+01,1.123827244437289874e+00,1.019461036311793301e+00,1.726683989286861065e+00,2.134403764841863607e-15,2.137179322403426340e-15
9.294999999999686224e+01,1.123827244437289874e+00,1.019461036311793301e+00,1.726683989286861065e+00,2.134403764841863607e-15,2.137179322403426340e-15
9.299999999999685940e+01,1.123827244437289874e+00,1.019461036311793301e+00,1.726683989286861065e+00,2.134403764841863607e-15,2.137179322403426340e-15
9.304999999999685656e+01,1.123827244437289874e+00,1.019461036311793301e+00,1.726683989286861065e+00,2.134403764841863607e-15,2.137179322403426340e-15
9.309999999999685372e+01,1.123827244437289874e+00,1.019461036311793301e+00,1.726683989286861065e+00,2.134403764841863607e-15,2.137179322403426340e-15
9.314999999999685087e+01,1.123827244437289874e+00,1.019461036311793301e+00,1.726683989286861065e+00,2.134403764841863607e-15,2.137179322403426340e-15
9.319999999999684803e+01,1.123827244437289874e+00,1.019461036311793301e+00,1.726683989286861065e+00,2.134403764841863607e-15,2.137179322403426340e-15
9.324999999999684519e+01,1.123827244437289874e+00,1.019461036311793301e+00,1.726683989286861065e+00,2.134403764841863607e-15,2.137179322403426340e-15
9.329999999999684235e+01,1.123827244437289874e+00,1.019461036311793301e+00,1.726683989286861065e+00,2.134403764841863607e-15,2.137179322403426340e-15
9.334999999999683951e+01,1.123827244437289874e+00,1.019461036311793301e+00,1.726683989286861065e+00,2.134403764841863607e-15,2.137179322403426340e-15
9.339999999999683666e+01,1.123827244437289874e+00,1.019461036311793301e+00,1.726683989286861065e+00,2.134403764841863607e-15,2.137179322403426340e-15
9.344999999999683382e+01,1.123827244437289874e+00,1.019461036311793301e+00,1.726683989286861065e+00,2.134403764841863607e-15,2.137179322403426340e-15
9.349999999999683098e+01,1.123827244437289874e+00,1.019461036311793301e+00,1.726683989286861065e+00,2.134403764841863607e-15,2.137179322403426340e-15
9.354999999999682814e+01,1.123827244437289874e+00,1.019461036311793301e+00,1.726683989286861065e+00,2.134403764841863607e-15,2.137179322403426340e-15
9.359999999999682530e+01,1.123827244437289874e+00,1.019461036311793301e+00,1.726683989286861065e+00,2.134403764841863607e-15,2.137179322403426340e-15
9.364999999999682245e+01,1.123827244437289874e+00,1.019461036311793301e+00,1.726683989286861065e+00,2.134403764841863607e-15,2.137179322403426340e-15
9.369999999999681961e+01,1.123827244437289874e+00,1.019461036311793301e+00,1.726683989286861065e+00,2.134403764841863607e-15,2.137179322403426340e-15
9.374999999999681677e+01,1.123827244437289874e+00,1.019461036311793301e+00,1.726683989286861065e+00,2.134403764841863607e-15,2.137179322403426340e-15
9.379999999999681393e+01,1.123827244437289874e+00,1.019461036311793301e+00,1.726683989286861065e+00,2.134403764841863607e-15,2.137179322403426340e-15
9.384999999999681108e+01,1.123827244437289874e+00,1.019461036311793301e+00,1.726683989286861065e+00,2.134403764841863607e-15,2.137179322403426340e-15
9.389999999999680824e+01,1.123827244437289874e+00,1.019461036311793301e+00,1.726683989286861065e+00,2.134403764841863607e-15,2.137179322403426340e-15
9.394999999999680540e+01,1.123827244437289874e+00,1.019461036311793301e+00,1.726683989286861065e+00,2.134403764841863607e-15,2.137179322403426340e-15
9.399999999999680256e+01,1.123827244437289874e+00,1.019461036311793301e+00,1.726683989286861065e+00,2.134403764841863607e-15,2.137179322403426340e-15
9.404999999999679972e+01,1.123827244437289874e+00,1.019461036311793301e+00,1.726683989286861065e+00,2.134403764841863607e-15,2.137179322403426340e-15
9.409999999999679687e+01,1.123827244437289874e+00,1.019461036311793301e+00,1.726683989286861065e+00,2.134403764841863607e-15,2.137179322403426340e-15
9.414999999999679403e+01,1.123827244437289874e+00,1.019461036311793301e+00,1.726683989286861065e+00,2.134403764841863607e-15,2.137179322403426340e-15
9.419999999999679119e+01,1.123827244437289874e+00,1.019461036311793301e+00,1.726683989286861065e+00,2.134403764841863607e-15,2.137179322403426340e-15
9.424999999999678835e+01,1.123827244437289874e+00,1.019461036311793301e+00,1.726683989286861065e+00,2.134403764841863607e-15,2.137179322403426340e-15
9.429999999999678550e+01,1.123827244437289874e+00,1.019461036311793301e+00,1.726683989286861065e+00,2.134403764841863607e-15,2.137179322403426340e-15
9.434999999999678266e+01,1.123827244437289874e+00,1.019461036311793301e+00,1.726683989286861065e+00,2.134403764841863607e-15,2.137179322403426340e-15
9.439999999999677982e+01,1.123827244437289874e+00,1.019461036311793301e+00,1.726683989286861065e+00,2.134403764841863607e-15,2.137179322403426340e-15
9.444999999999677698e+01,1.123827244437289874e+00,1.019461036311793301e+00,1.726683989286861065e+00,2.134403764841863607e-15,2.137179322403426340e-15
9.449999999999677414e+01,1.123827244437289874e+00,1.019461036311793301e+00,1.726683989286861065e+00,2.134403764841863607e-15,2.137179322403426340e-15
9.454999999999677129e+01,1.123827244437289874e+00,1.019461036311793301e+00,1.726683989286861065e+00,2.134403764841863607e-15,2.137179322403426340e-15
9.459999999999676845e+01,1.123827244437289874e+00,1.019461036311793301e+00,1.726683989286861065e+00,2.134403764841863607e-15,2.137179322403426340e-15
9.464999999999676561e+01,1.123827244437289874e+00,1.019461036311793301e+00,1.726683989286861065e+00,2.134403764841863607e-15,2.137179322403426340e-15
9.469999999999676277e+01,1.123827244437289874e+00,1.019461036311793301e+00,1.726683989286861065e+00,2.134403764841863607e-15,2.137179322403426340e-15
9.474999999999675993e+01,1.123827244437289874e+00,1.019461036311793301e+00,1.726683989286861065e+00,2.134403764841863607e-15,2.137179322403426340e-15
9.479999999999675708e+01,1.123827244437289874e+00,1.019461036311793301e+00,1.726683989286861065e+00,2.134403764841863607e-15,2.137179322403426340e-15
9.484999999999675424e+01,1.123827244437289874e+00,1.019461036311793301e+00,1.726683989286861065e+00,2.134403764841863607e-15,2.137179322403426340e-15
9.489999999999675140e+01,1.123827244437289874e+00,1.019461036311793301e+00,1.726683989286861065e+00,2.134403764841863607e-15,2.137179322403426340e-15
9.494999999999674856e+01,1.123827244437289874e+00,1.019461036311793301e+00,1.726683989286861065e+00,2.134403764841863607e-15,2.137179322403426340e-15
9.499999999999674571e+01,1.123827244437289874e+00,1.019461036311793301e+00,1.726683989286861065e+00,2.134403764841863607e-15,2.137179322403426340e-15
9.504999999999674287e+01,1.123827244437289874e+00,1.019461036311793301e+00,1.726683989286861065e+00,2.134403764841863607e-15,2.137179322403426340e-15
9.509999999999674003e+01,1.123827244437289874e+00,1.019461036311793301e+00,1.726683989286861065e+00,2.134403764841863607e-15,2.137179322403426340e-15
9.514999999999673719e+01,1.123827244437289874e+00,1.019461036311793301e+00,1.726683989286861065e+00,2.134403764841863607e-15,2.137179322403426340e-15
9.519999999999673435e+01,1.123827244437289874e+00,1.019461036311793301e+00,1.726683989286861065e+00,2.134403764841863607e-15,2.137179322403426340e-15
9.524999999999673150e+01,1.123827244437289874e+00,1.019461036311793301e+00,1.726683989286861065e+00,2.134403764841863607e-15,2.137179322403426340e-15
9.529999999999672866e+01,1.123827244437289874e+00,1.019461036311793301e+00,1.726683989286861065e+00,2.134403764841863607e-15,2.137179322403426340e-15
9.534999999999672582e+01,1.123827244437289874e+00,1.019461036311793301e+00,1.726683989286861065e+00,2.134403764841863607e-15,2.137179322403426340e-15
9.539999999999672298e+01,1.123827244437289874e+00,1.019461036311793301e+00,1.726683989286861065e+00,2.134403764841863607e-15,2.137179322403426340e-15
9.544999999999672013e+01,1.123827244437289874e+00,1.019461036311793301e+00,1.726683989286861065e+00,2.134403764841863607e-15,2.137179322403426340e-15
9.549999999999671729e+01,1.123827244437289874e+00,1.019461036311793301e+00,1.726683989286861065e+00,2.134403764841863607e-15,2.137179322403426340e-15
9.554999999999671445e+01,1.123827244437289874e+00,1.019461036311793301e+00,1.726683989286861065e+00,2.134403764841863607e-15,2.137179322403426340e-15
9.559999999999671161e+01,1.123827244437289874e+00,1.019461036311793301e+00,1.726683989286861065e+00,2.134403764841863607e-15,2.137179322403426340e-15
9.564999999999670877e+01,1.123827244437289874e+00,1.019461036311793301e+00,1.726683989286861065e+00,2.134403764841863607e-15,2.137179322403426340e-15
9.569999999999670592e+01,1.123827244437289874e+00,1.019461036311793301e+00,1.726683989286861065e+00,2.134403764841863607e-15,2.137179322403426340e-15
9.574999999999670308e+01,1.123827244437289874e+00,1.019461036311793301e+00,1.726683989286861065e+00,2.134403764841863607e-15,2.137179322403426340e-15
9.579999999999670024e+01,1.123827244437289874e+00,1.019461036311793301e+00,1.726683989286861065e+00,2.134403764841863607e-15,2.137179322403426340e-15
9.584999999999669740e+01,1.123827244437289874e+00,1.019461036311793301e+00,1.726683989286861065e+00,2.134403764841863607e-15,2.137179322403426340e-15
9.589999999999669456e+01,1.123827244437289874e+00,1.019461036311793301e+00,1.726683989286861065e+00,2.134403764841863607e-15,2.137179322403426340e-15
9.594999999999669171e+01,1.123827244437289874e+00,1.019461036311793301e+00,1.726683989286861065e+00,2.134403764841863607e-15,2.137179322403426340e-15
9.599999999999668887e+01,1.123827244437289874e+00,1.019461036311793301e+00,1.726683989286861065e+00,2.134403764841863607e-15,2.137179322403426340e-15
9.604999999999668603e+01,1.123827244437289874e+00,1.019461036311793301e+00,1.726683989286861065e+00,2.134403764841863607e-15,2.137179322403426340e-15
9.609999999999668319e+01,1.123827244437289874e+00,1.019461036311793301e+00,1.726683989286861065e+00,2.134403764841863607e-15,2.137179322403426340e-15
9.614999999999668034e+01,1.123827244437289874e+00,1.019461036311793301e+00,1.726683989286861065e+00,2.134403764841863607e-15,2.137179322403426340e-15
9.619999999999667750e+01,1.123827244437289874e+00,1.019461036311793301e+00,1.726683989286861065e+00,2.134403764841863607e-15,2.137179322403426340e-15
9.624999999999667466e+01,1.123827244437289874e+00,1.019461036311793301e+00,1.726683989286861065e+00,2.134403764841863607e-15,2.137179322403426340e-15
9.629999999999667182e+01,1.123827244437289874e+00,1.019461036311793301e+00,1.726683989286861065e+00,2.134403764841863607e-15,2.137179322403426340e-15
9.634999999999666898e+01,1.123827244437289874e+00,1.019461036311793301e+00,1.726683989286861065e+00,2.134403764841863607e-15,2.137179322403426340e-15
9.639999999999666613e+01,1.123827244437289874e+00,1.019461036311793301e+00,1.726683989286861065e+00,2.134403764841863607e-15,2.137179322403426340e-15
9.644999999999666329e+01,1.123827244437289874e+00,1.019461036311793301e+00,1.726683989286861065e+00,2.134403764841863607e-15,2.137179322403426340e-15
9.649999999999666045e+01,1.123827244437289874e+00,1.019461036311793301e+00,1.726683989286861065e+00,2.134403764841863607e-15,2.137179322403426340e-15
9.654999999999665761e+01,1.123827244437289874e+00,1.019461036311793301e+00,1.726683989286861065e+00,2.134403764841863607e-15,2.137179322403426340e-15
9.659999999999665476e+01,1.123827244437289874e+00,1.019461036311793301e+00,1.726683989286861065e+00,2.134403764841863607e-15,2.137179322403426340e-15
9.664999999999665192e+01,1.123827244437289874e+00,1.019461036311793301e+00,1.726683989286861065e+00,2.134403764841863607e-15,2.137179322403426340e-15
9.669999999999664908e+01,1.123827244437289874e+00,1.019461036311793301e+00,1.726683989286861065e+00,2.134403764841863607e-15,2.137179322403426340e-15
9.674999999999664624e+01,1.123827244437289874e+00,1.019461036311793301e+00,1.726683989286861065e+00,2.134403764841863607e-15,2.137179322403426340e-15
9.679999999999664340e+01,1.123827244437289874e+00,1.019461036311793301e+00,1.726683989286861065e+00,2.134403764841863607e-15,2.137179322403426340e-15
9.684999999999664055e+01,1.123827244437289874e+00,1.019461036311793301e+00,1.726683989286861065e+00,2.134403764841863607e-15,2.137179322403426340e-15
9.689999999999663771e+01,1.123827244437289874e+00,1.019461036311793301e+00,1.726683989286861065e+00,2.134403764841863607e-15,2.137179322403426340e-15
9.694999999999663487e+01,1.123827244437289874e+00,1.019461036311793301e+00,1.726683989286861065e+00,2.134403764841863607e-15,2.137179322403426340e-15
9.699999999999663203e+01,1.123827244437289874e+00,1.019461036311793301e+00,1.726683989286861065e+00,2.134403764841863607e-15,2.137179322403426340e-15
9.704999999999662919e+01,1.123827244437289874e+00,1.019461036311793301e+00,1.726683989286861065e+00,2.134403764841863607e-15,2.137179322403426340e-15
9.709999999999662634e+01,1.123827244437289874e+00,1.019461036311793301e+00,1.726683989286861065e+00,2.134403764841863607e-15,2.137179322403426340e-15
9.714999999999662350e+01,1.123827244437289874e+00,1.019461036311793301e+00,1.726683989286861065e+00,2.134403764841863607e-15,2.137179322403426340e-15
9.719999999999662066e+01,1.123827244437289874e+00,1.019461036311793301e+00,1.726683989286861065e+00,2.134403764841863607e-15,2.137179322403426340e-15
9.724999999999661782e+01,1.123827244437289874e+00,1.019461036311793301e+00,1.726683989286861065e+00,2.134403764841863607e-15,2.137179322403426340e-15
9.729999999999661497e+01,1.123827244437289874e+00,1.019461036311793301e+00,1.726683989286861065e+00,2.134403764841863607e-15,2.137179322403426340e-15
9.734999999999661213e+01,1.123827244437289874e+00,1.019461036311793301e+00,1.726683989286861065e+00,2.134403764841863607e-15,2.137179322403426340e-15
9.739999999999660929e+01,1.123827244437289874e+00,1.019461036311793301e+00,1.726683989286861065e+00,2.134403764841863607e-15,2.137179322403426340e-15
9.744999999999660645e+01,1.123827244437289874e+00,1.019461036311793301e+00,1.726683989286861065e+00,2.134403764841863607e-15,2.137179322403426340e-15
9.749999999999660361e+01,1.123827244437289874e+00,1.019461036311793301e+00,1.726683989286861065e+00,2.134403764841863607e-15,2.137179322403426340e-15
9.754999999999660076e+01,1.123827244437289874e+00,1.019461036311793301e+00,1.726683989286861065e+00,2.134403764841863607e-15,2.137179322403426340e-15
9.759999999999659792e+01,1.123827244437289874e+00,1.019461036311793301e+00,1.726683989286861065e+00,2.134403764841863607e-15,2.137179322403426340e-15
9.764999999999659508e+01,1.123827244437289874e+00,1.019461036311793301e+00,1.726683989286861065e+00,2.134403764841863607e-15,2.137179322403426340e-15
9.769999999999659224e+01,1.123827244437289874e+00,1.019461036311793301e+00,1.726683989286861065e+00,2.134403764841863607e-15,2.137179322403426340e-15
9.774999999999658939e+01,1.123827244437289874e+00,1.019461036311793301e+00,1.726683989286861065e+00,2.134403764841863607e-15,2.137179322403426340e-15
9.779999999999658655e+01,1.123827244437289874e+00,1.019461036311793301e+00,1.726683989286861065e+00,2.134403764841863607e-15,2.137179322403426340e-15
9.784999999999658371e+01,1.123827244437289874e+00,1.019461036311793301e+00,1.726683989286861065e+00,2.134403764841863607e-15,2.137179322403426340e-15
9.789999999999658087e+01,1.123827244437289874e+00,1.019461036311793301e+00,1.726683989286861065e+00,2.134403764841863607e-15,2.137179322403426340e-15
9.794999999999657803e+01,1.123827244437289874e+00,1.019461036311793301e+00,1.726683989286861065e+00,2.134403764841863607e-15,2.137179322403426340e-15
9.799999999999657518e+01,1.123827244437289874e+00,1.019461036311793301e+00,1.726683989286861065e+00,2.134403764841863607e-15,2.137179322403426340e-15
9.804999999999657234e+01,1.123827244437289874e+00,1.019461036311793301e+00,1.726683989286861065e+00,2.134403764841863607e-15,2.137179322403426340e-15
9.809999999999656950e+01,1.123827244437289874e+00,1.019461036311793301e+00,1.726683989286861065e+00,2.134403764841863607e-15,2.137179322403426340e-15
9.814999999999656666e+01,1.123827244437289874e+00,1.019461036311793301e+00,1.726683989286861065e+00,2.134403764841863607e-15,2.137179322403426340e-15
9.819999999999656382e+01,1.123827244437289874e+00,1.019461036311793301e+00,1.726683989286861065e+00,2.134403764841863607e-15,2.137179322403426340e-15
9.824999999999656097e+01,1.123827244437289874e+00,1.019461036311793301e+00,1.726683989286861065e+00,2.134403764841863607e-15,2.137179322403426340e-15
9.829999999999655813e+01,1.123827244437289874e+00,1.019461036311793301e+00,1.726683989286861065e+00,2.134403764841863607e-15,2.137179322403426340e-15
9.834999999999655529e+01,1.123827244437289874e+00,1.019461036311793301e+00,1.726683989286861065e+00,2.134403764841863607e-15,2.137179322403426340e-15
9.839999999999655245e+01,1.123827244437289874e+00,1.019461036311793301e+00,1.726683989286861065e+00,2.134403764841863607e-15,2.137179322403426340e-15
9.844999999999654960e+01,1.123827244437289874e+00,1.019461036311793301e+00,1.726683989286861065e+00,2.134403764841863607e-15,2.137179322403426340e-15
9.849999999999654676e+01,1.123827244437289874e+00,1.019461036311793301e+00,1.726683989286861065e+00,2.134403764841863607e-15,2.137179322403426340e-15
9.854999999999654392e+01,1.123827244437289874e+00,1.019461036311793301e+00,1.726683989286861065e+00,2.134403764841863607e-15,2.137179322403426340e-15
9.859999999999654108e+01,1.123827244437289874e+00,1.019461036311793301e+00,1.726683989286861065e+00,2.134403764841863607e-15,2.137179322403426340e-15
9.864999999999653824e+01,1.123827244437289874e+00,1.019461036311793301e+00,1.726683989286861065e+00,2.134403764841863607e-15,2.137179322403426340e-15
9.869999999999653539e+01,1.123827244437289874e+00,1.019461036311793301e+00,1.726683989286861065e+00,2.134403764841863607e-15,2.137179322403426340e-15
9.874999999999653255e+01,1.123827244437289874e+00,1.019461036311793301e+00,1.726683989286861065e+00,2.134403764841863607e-15,2.137179322403426340e-15
9.879999999999652971e+01,1.123827244437289874e+00,1.019461036311793301e+00,1.726683989286861065e+00,2.134403764841863607e-15,2.137179322403426340e-15
9.884999999999652687e+01,1.123827244437289874e+00,1.019461036311793301e+00,1.726683989286861065e+00,2.134403764841863607e-15,2.137179322403426340e-15
9.889999999999652402e+01,1.123827244437289874e+00,1.019461036311793301e+00,1.726683989286861065e+00,2.134403764841863607e-15,2.137179322403426340e-15
9.894999999999652118e+01,1.123827244437289874e+00,1.019461036311793301e+00,1.726683989286861065e+00,2.134403764841863607e-15,2.137179322403426340e-15
9.899999999999651834e+01,1.123827244437289874e+00,1.019461036311793301e+00,1.726683989286861065e+00,2.134403764841863607e-15,2.137179322403426340e-15
9.904999999999651550e+01,1.123827244437289874e+00,1.019461036311793301e+00,1.726683989286861065e+00,2.134403764841863607e-15,2.137179322403426340e-15
9.909999999999651266e+01,1.123827244437289874e+00,1.019461036311793301e+00,1.726683989286861065e+00,2.134403764841863607e-15,2.137179322403426340e-15
9.914999999999650981e+01,1.123827244437289874e+00,1.019461036311793301e+00,1.726683989286861065e+00,2.134403764841863607e-15,2.137179322403426340e-15
9.919999999999650697e+01,1.123827244437289874e+00,1.019461036311793301e+00,1.726683989286861065e+00,2.134403764841863607e-15,2.137179322403426340e-15
9.924999999999650413e+01,1.123827244437289874e+00,1.019461036311793301e+00,1.726683989286861065e+00,2.134403764841863607e-15,2.137179322403426340e-15
9.929999999999650129e+01,1.123827244437289874e+00,1.019461036311793301e+00,1.726683989286861065e+00,2.134403764841863607e-15,2.137179322403426340e-15
9.934999999999649845e+01,1.123827244437289874e+00,1.019461036311793301e+00,1.726683989286861065e+00,2.134403764841863607e-15,2.137179322403426340e-15
9.939999999999649560e+01,1.123827244437289874e+00,1.019461036311793301e+00,1.726683989286861065e+00,2.134403764841863607e-15,2.137179322403426340e-15
9.944999999999649276e+01,1.123827244437289874e+00,1.019461036311793301e+00,1.726683989286861065e+00,2.134403764841863607e-15,2.137179322403426340e-15
9.949999999999648992e+01,1.123827244437289874e+00,1.019461036311793301e+00,1.726683989286861065e+00,2.134403764841863607e-15,2.137179322403426340e-15
9.954999999999648708e+01,1.123827244437289874e+00,1.019461036311793301e+00,1.726683989286861065e+00,2.134403764841863607e-15,2.137179322403426340e-15
9.959999999999648423e+01,1.123827244437289874e+00,1.019461036311793301e+00,1.726683989286861065e+00,2.134403764841863607e-15,2.137179322403426340e-15
9.964999999999648139e+01,1.123827244437289874e+00,1.019461036311793301e+00,1.726683989286861065e+00,2.134403764841863607e-15,2.137179322403426340e-15
9.969999999999647855e+01,1.123827244437289874e+00,1.019461036311793301e+00,1.726683989286861065e+00,2.134403764841863607e-15,2.137179322403426340e-15
9.974999999999647571e+01,1.123827244437289874e+00,1.019461036311793301e+00,1.726683989286861065e+00,2.134403764841863607e-15,2.137179322403426340e-15
9.979999999999647287e+01,1.123827244437289874e+00,1.019461036311793301e+00,1.726683989286861065e+00,2.134403764841863607e-15,2.137179322403426340e-15
9.984999999999647002e+01,1.123827244437289874e+00,1.019461036311793301e+00,1.726683989286861065e+00,2.134403764841863607e-15,2.137179322403426340e-15
9.989999999999646718e+01,1.123827244437289874e+00,1.019461036311793301e+00,1.726683989286861065e+00,2.134403764841863607e-15,2.137179322403426340e-15
9.994999999999646434e+01,1.123827244437289874e+00,1.019461036311793301e+00,1.726683989286861065e+00,2.134403764841863607e-15,2.137179322403426340e-15
9.999999999999646150e+01,1.123827244437289874e+00,1.019461036311793301e+00,1.726683989286861065e+00,2.134403764841863607e-15,2.137179322403426340e-15
